representation,null_model,scope_type,scope_name,median_null,median_observed,sgi,sgi_norm
R0,WORK,WORK,1CH,0.45028065145015717,0.0819292113116305,0.36835144013852666,0.8180485636063368
R0,WORK,WORK,1CO,0.49505025148391724,0.04792351691674468,0.44712673456717256,0.9031946418104151
R0,WORK,WORK,1JN,0.41980278491973877,0.08074298700686466,0.3390597979128741,0.8076644798287802
R0,WORK,WORK,1KI,0.4691898822784424,0.06070674127055653,0.40848314100788585,0.870613703399235
R0,WORK,WORK,1PE,0.43229496479034424,0.05511734887761188,0.37717761591273236,0.8725005994359827
R0,WORK,WORK,1SA,0.45061011612415314,0.0654429415941209,0.38516717453003224,0.8547681482230862
R0,WORK,WORK,1TH,0.4398195743560791,0.06958958150512606,0.37022999285095304,0.8417769795557436
R0,WORK,WORK,1TI,0.476257860660553,0.04883181383949409,0.4274260468210589,0.8974677000149329
R0,WORK,WORK,2CH,0.4478021711111069,0.06473665559904501,0.38306551551206186,0.8554346991252465
R0,WORK,WORK,2CO,0.46363139152526855,0.05616683804415867,0.4074645534811099,0.8788545403291625
R0,WORK,WORK,2KI,0.4461819529533386,0.059807846315606095,0.38637410663773253,0.865956375152043
R0,WORK,WORK,2PE,0.4768638014793396,0.06666334750428193,0.41020045397505767,0.8602046385205228
R0,WORK,WORK,2SA,0.46074169874191284,0.07802694030987867,0.3827147584320342,0.8306492758894265
R0,WORK,WORK,2TH,0.44662439823150635,0.06854822066021093,0.3780761775712954,0.8465193103385293
R0,WORK,WORK,2TI,0.4818795323371887,0.05765182162348281,0.4242277107137059,0.8803605097235345
R0,WORK,WORK,ACT,0.48864179849624634,0.054692006677398486,0.43394979181884785,0.8880734172849959
R0,WORK,WORK,AMO,0.4526316672563553,0.05849756095268982,0.39413410630366547,0.8707612277610289
R0,WORK,WORK,COL,0.45360004901885986,0.048019912270228504,0.40558013674863136,0.8941360073172481
R0,WORK,WORK,DAN,0.4716780185699463,0.049481360093336146,0.42219665847661014,0.8950950475848846
R0,WORK,WORK,DEU,0.45204585790634155,0.0522215391599139,0.39982431874642765,0.884477341741878
R0,WORK,WORK,ECC,0.4998828321695328,0.07150933614493132,0.42837349602460145,0.8569478054795863
R0,WORK,WORK,EPH,0.44462329149246216,0.05743596089950953,0.3871873305929526,0.8708210703341365
R0,WORK,WORK,EST,0.4382634460926056,0.052476763686392425,0.38578668240621317,0.880262056636811
R0,WORK,WORK,EXO,0.4951075315475464,0.05166435828552185,0.44344317326202454,0.8956502274888937
R0,WORK,WORK,EZE,0.486453652381897,0.05226969370388279,0.4341839586780142,0.8925494886348437
R0,WORK,WORK,EZR,0.46126215159893036,0.06984769505440602,0.39141445654452434,0.8485726721512176
R0,WORK,WORK,GAL,0.4809844493865967,0.05863426824524842,0.42235018114134826,0.8780952932677446
R0,WORK,WORK,GEN,0.48884350061416626,0.06608136346918425,0.422762137144982,0.8648210247529897
R0,WORK,WORK,HAB,0.4849061965942383,0.05503171687069841,0.42987447972353987,0.8865105926523186
R0,WORK,WORK,HAG,0.45454370975494385,0.07046004938006295,0.3840836603748809,0.8449872963415339
R0,WORK,WORK,HEB,0.4711982011795044,0.05511672530311007,0.4160814758763943,0.883028574461571
R0,WORK,WORK,HOS,0.47870564460754395,0.052779998627914604,0.42592564597962934,0.8897443570543542
R0,WORK,WORK,ISA,0.48718468844890594,0.05629397074559894,0.430890717703307,0.8844504515837163
R0,WORK,WORK,JAS,0.48131193220615387,0.05795030251984257,0.4233616296863113,0.8795992813761752
R0,WORK,WORK,JDG,0.4538417011499405,0.057880563095976334,0.39596113805396416,0.8724653046440664
R0,WORK,WORK,JER,0.45960715413093567,0.0621951622231654,0.39741199190777027,0.8646775585102253
R0,WORK,WORK,JHN,0.4784407317638397,0.06796042197690433,0.4104803097869354,0.8579543557540376
R0,WORK,WORK,JOB,0.5329736173152924,0.05155904586169052,0.48141457145360184,0.9032615420601774
R0,WORK,WORK,JOE,0.5049054622650146,0.05819311630209245,0.4467123459629222,0.8847445301125539
R0,WORK,WORK,JON,0.459078311920166,0.1001872033039009,0.3588911086162651,0.7817644600006207
R0,WORK,WORK,JOS,0.4587138444185257,0.0680885098018254,0.3906253346167003,0.8515664817395349
R0,WORK,WORK,JUD,0.49802303314208984,0.06457264371899851,0.43345038942309133,0.8703420536363518
R0,WORK,WORK,LAM,0.5064012706279755,0.0549752501082309,0.45142602051974456,0.8914393519588577
R0,WORK,WORK,LEV,0.46527358889579773,0.04971811733256992,0.4155554715632278,0.893142188769918
R0,WORK,WORK,LUK,0.49889835715293884,0.06500957333113133,0.4338887838218075,0.8696937514444402
R0,WORK,WORK,MAL,0.41709232330322266,0.07516091016963333,0.3419314131335893,0.8197979057145294
R0,WORK,WORK,MAT,0.5023057162761688,0.06780675145470894,0.4344989648214599,0.8650089989869265
R0,WORK,WORK,MIC,0.463545560836792,0.05799056263466218,0.4055549982021298,0.8748978147261778
R0,WORK,WORK,MRK,0.5048363208770752,0.06327463314875148,0.4415616877283237,0.8746630728969311
R0,WORK,WORK,NAH,0.5114416480064392,0.05303248785635262,0.4584091601500866,0.8963078426188613
R0,WORK,WORK,NEH,0.47948087751865387,0.06496140356040359,0.4145194739582503,0.8645172172525769
R0,WORK,WORK,NUM,0.4792025536298752,0.05458779219694121,0.424614761432934,0.8860861825892866
R0,WORK,WORK,OBA,0.4382086992263794,0.07561436731644167,0.36259433190993773,0.8274466767776805
R0,WORK,WORK,PHM,0.3993467688560486,0.06737675955975486,0.3319700092962937,0.8312825724050319
R0,WORK,WORK,PHP,0.4359918385744095,0.04855786026805364,0.38743397830635584,0.8886266760707576
R0,WORK,WORK,PRO,0.5025911331176758,0.0544721321861531,0.4481190009315227,0.8916174031001078
R0,WORK,WORK,PSA,0.4848010540008545,0.053897785221679095,0.4309032687791754,0.8888249421553772
R0,WORK,WORK,REV,0.49870190024375916,0.05078898631683265,0.4479129139269265,0.8981576242400368
R0,WORK,WORK,ROM,0.4643797278404236,0.055315436203204116,0.40906429163721947,0.8808831805375184
R0,WORK,WORK,RUT,0.44673603773117065,0.05115913343034306,0.3955769043008276,0.8854824121864806
R0,WORK,WORK,SNG,0.5150631666183472,0.06793377033221648,0.4471293962861307,0.8681059436297175
R0,WORK,WORK,TIT,0.46011847257614136,0.052521885669503,0.40759658690663836,0.8858513865452086
R0,WORK,WORK,ZEC,0.4655764102935791,0.061953613495860926,0.4036227967977182,0.8669313733984186
R0,WORK,WORK,ZEP,0.4574786424636841,0.057799863869099966,0.3996787785945841,0.8736556015864975
R0,WORK_GROUP,WORK_GROUP,NT_SHARED,0.5007344484329224,0.060094775867548966,0.4406396725653734,0.8799867353731722
R0,WORK_GROUP,WORK_GROUP,OT_SHARED,0.5039060413837433,0.05886522499131441,0.4450408163924289,0.8831821408021454
R0,CANON,CANON,ALL_SHARED,0.5083895623683929,0.05915852562468393,0.449231036743709,0.88363544414821
R1,WORK,WORK,1CH,0.45014263689517975,0.0819292113116305,0.36821342558354925,0.8179927769634749
R1,WORK,WORK,1CO,0.494985967874527,0.04792351691674468,0.4470624509577823,0.903182069741232
R1,WORK,WORK,1JN,0.4197806119918823,0.08074298700686466,0.33903762498501766,0.8076543206134873
R1,WORK,WORK,1KI,0.4691760987043381,0.06070674127055653,0.40846935743378154,0.8706099022558856
R1,WORK,WORK,1PE,0.43221157789230347,0.05511734887761188,0.3770942290146916,0.8724760008827303
R1,WORK,WORK,1SA,0.45049092173576355,0.0654429415941209,0.38504798014164265,0.8547297216512909
R1,WORK,WORK,1TH,0.43967175483703613,0.06958958150512606,0.37008217333191007,0.841723784301497
R1,WORK,WORK,1TI,0.47609543800354004,0.04883181383949409,0.42726362416404595,0.8974327205396767
R1,WORK,WORK,2CH,0.44784238934516907,0.06473665559904501,0.38310573374612406,0.8554476817308376
R1,WORK,WORK,2CO,0.4636678099632263,0.05616683804415867,0.40750097191906764,0.8788640556077997
R1,WORK,WORK,2KI,0.44607028365135193,0.059807846315606095,0.38626243733574583,0.8659228186508119
R1,WORK,WORK,2PE,0.4768638014793396,0.06666334750428193,0.41020045397505767,0.8602046385205228
R1,WORK,WORK,2SA,0.4607963562011719,0.07802694030987867,0.3827694158912932,0.8306693634621232
R1,WORK,WORK,2TH,0.44662439823150635,0.06854822066021093,0.3780761775712954,0.8465193103385293
R1,WORK,WORK,2TI,0.4816305637359619,0.05765182162348281,0.4239787421124791,0.880298664652253
R1,WORK,WORK,ACT,0.48864662647247314,0.054692006677398486,0.43395461979507466,0.8880745231534317
R1,WORK,WORK,AMO,0.4524611085653305,0.05849756095268982,0.3939635476126407,0.8707125102129227
R1,WORK,WORK,COL,0.4539507031440735,0.048019912270228504,0.405930790873845,0.894217781936141
R1,WORK,WORK,DAN,0.4716300070285797,0.049481360093336146,0.42214864693524357,0.8950843683482216
R1,WORK,WORK,DEU,0.4520711302757263,0.0522215391599139,0.3998495911158124,0.8844837998656029
R1,WORK,WORK,ECC,0.49966493248939514,0.07150933614493132,0.4281555963444638,0.8568854216191186
R1,WORK,WORK,EPH,0.4445474147796631,0.05743596089950953,0.38711145388015356,0.8707990216792122
R1,WORK,WORK,EST,0.43821796774864197,0.052476763686392425,0.38574120406224954,0.8802496302102961
R1,WORK,WORK,EXO,0.4950070381164551,0.05166435828552185,0.44334267983093323,0.8956290430089454
R1,WORK,WORK,EZE,0.48644813895225525,0.05226969370388279,0.43417844524837246,0.8925482707849088
R1,WORK,WORK,EZR,0.4612576365470886,0.06984769505440602,0.3914099414926826,0.8485711898944888
R1,WORK,WORK,GAL,0.48112839460372925,0.05863426824524842,0.4224941263584808,0.8781317650280416
R1,WORK,WORK,GEN,0.4889225959777832,0.06608136346918425,0.42284123250859895,0.8648428933070073
R1,WORK,WORK,HAB,0.4851299226284027,0.05503171687069841,0.4300982057577043,0.8865629302506427
R1,WORK,WORK,HAG,0.4553457051515579,0.07046004938006295,0.38488565577149497,0.8452603185164316
R1,WORK,WORK,HEB,0.4710524082183838,0.05511672530311007,0.4159356829152737,0.8829923712489386
R1,WORK,WORK,HOS,0.47889119386672974,0.052779998627914604,0.42611119523881513,0.8897870762630838
R1,WORK,WORK,ISA,0.487094983458519,0.05629397074559894,0.43080101271292004,0.8844291716044886
R1,WORK,WORK,JAS,0.48140765726566315,0.05795030251984257,0.4234573547458206,0.8796232223454998
R1,WORK,WORK,JDG,0.4538875073194504,0.057880563095976334,0.39600694422347404,0.8724781754012025
R1,WORK,WORK,JER,0.45961032807826996,0.0621951622231654,0.39741516585510456,0.8646784930112063
R1,WORK,WORK,JHN,0.47843223810195923,0.06796042197690433,0.4104718161250549,0.8579518340015766
R1,WORK,WORK,JOB,0.5330277979373932,0.05155904586169052,0.48146875207570267,0.9032713752243248
R1,WORK,WORK,JOE,0.5053383708000183,0.05819311630209245,0.44714525449792586,0.8848432660873051
R1,WORK,WORK,JON,0.4591798037290573,0.1001872033039009,0.3589926004251564,0.7818126962678499
R1,WORK,WORK,JOS,0.4585990458726883,0.0680885098018254,0.3905105360708629,0.8515293252033336
R1,WORK,WORK,JUD,0.4957028031349182,0.06457264371899851,0.4311301594159197,0.8697351652832526
R1,WORK,WORK,LAM,0.5065769255161285,0.0549752501082309,0.45160167540789764,0.8914769952219614
R1,WORK,WORK,LEV,0.46527987718582153,0.04971811733256992,0.4155617598532516,0.8931436329606971
R1,WORK,WORK,LUK,0.49887025356292725,0.06500957333113133,0.4338606802317959,0.8696864107113352
R1,WORK,WORK,MAL,0.416980504989624,0.07516091016963333,0.3418195948199907,0.8197495823659583
R1,WORK,WORK,MAT,0.5022865533828735,0.06780675145470894,0.4344798019281646,0.8650038489025158
R1,WORK,WORK,MIC,0.46405136585235596,0.05799056263466218,0.4060608032176938,0.8750341731498908
R1,WORK,WORK,MRK,0.5049415826797485,0.06327463314875148,0.44166694953099706,0.874689201049852
R1,WORK,WORK,NAH,0.5111658573150635,0.05303248785635262,0.45813336945871086,0.8962518973099853
R1,WORK,WORK,NEH,0.4793570786714554,0.06496140356040359,0.4143956751110518,0.8644822274442155
R1,WORK,WORK,NUM,0.47922079265117645,0.05458779219694121,0.42463300045423524,0.8860905181201612
R1,WORK,WORK,OBA,0.4393194317817688,0.07561436731644167,0.36370506446532713,0.8278829438302584
R1,WORK,WORK,PHM,0.3993467688560486,0.06737675955975486,0.3319700092962937,0.8312825724050319
R1,WORK,WORK,PHP,0.4357447475194931,0.04855786026805364,0.38718688725143946,0.888563521317302
R1,WORK,WORK,PRO,0.5024887323379517,0.0544721321861531,0.44801660015179856,0.8915953161124466
R1,WORK,WORK,PSA,0.484835147857666,0.053897785221679095,0.4309373626359869,0.8888327600425908
R1,WORK,WORK,REV,0.4984823912382126,0.05078898631683265,0.44769340492137993,0.8981127774831231
R1,WORK,WORK,ROM,0.4644153118133545,0.055315436203204116,0.4090998756101504,0.880892307389221
R1,WORK,WORK,RUT,0.44669878482818604,0.05115913343034306,0.395539651397843,0.8854728618748752
R1,WORK,WORK,SNG,0.5147842764854431,0.06793377033221648,0.44685050615322663,0.8680344885511718
R1,WORK,WORK,TIT,0.4603297859430313,0.052521885669503,0.4078079002735283,0.8859037862129502
R1,WORK,WORK,ZEC,0.46544185280799866,0.061953613495860926,0.40348823931213773,0.8668929037599512
R1,WORK,WORK,ZEP,0.4575822353363037,0.057799863869099966,0.39978237146720375,0.873684204924128
R1,WORK_GROUP,WORK_GROUP,NT_SHARED,0.5006192624568939,0.060094775867548966,0.44052448658934495,0.8799591218831228
R1,WORK_GROUP,WORK_GROUP,OT_SHARED,0.5039069354534149,0.05886522499131441,0.4450417104621005,0.8831823480691975
R1,CANON,CANON,ALL_SHARED,0.5083830952644348,0.05915852562468393,0.4492245696397509,0.8836339638832548
