representation,null_model,scope_type,scope_name,n_observed,iterations_used,observed_median,null_median,null_mean,null_std,null_min,null_max,p_value_perm
R0,WORK,WORK,1CH,942,5000,0.0819292113116305,0.45028065145015717,0.4502698232233524,0.0029643940791640316,0.43984323740005493,0.4599771201610565,0.0001999600079984003
R0,WORK,WORK,1CO,437,5000,0.04792351691674468,0.49505025148391724,0.4949457003474236,0.004205078331477958,0.47878849506378174,0.5090704560279846,0.0001999600079984003
R0,WORK,WORK,1JN,105,5000,0.08074298700686466,0.41980278491973877,0.41973760000467303,0.008721140348188263,0.3880947232246399,0.4465453624725342,0.0001999600079984003
R0,WORK,WORK,1KI,816,5000,0.06070674127055653,0.4691898822784424,0.46916389124393465,0.0034070663103095036,0.45395272970199585,0.48143869638442993,0.0001999600079984003
R0,WORK,WORK,1PE,105,5000,0.05511734887761188,0.43229496479034424,0.43253683013916017,0.007564620700050743,0.4059765934944153,0.46119368076324463,0.0001999600079984003
R0,WORK,WORK,1SA,810,5000,0.0654429415941209,0.45061011612415314,0.4505708093523979,0.003175593303452673,0.4399223029613495,0.46153756976127625,0.0001999600079984003
R0,WORK,WORK,1TH,89,5000,0.06958958150512606,0.4398195743560791,0.4400678307294846,0.00898221377946064,0.4083951711654663,0.47551703453063965,0.0001999600079984003
R0,WORK,WORK,1TI,113,5000,0.04883181383949409,0.476257860660553,0.4763979267120361,0.009715779636562344,0.4409295916557312,0.5124208927154541,0.0001999600079984003
R0,WORK,WORK,2CH,822,5000,0.06473665559904501,0.4478021711111069,0.44782369579672815,0.0029677587077038903,0.437237024307251,0.45764756202697754,0.0001999600079984003
R0,WORK,WORK,2CO,257,5000,0.05616683804415867,0.46363139152526855,0.46383691917657854,0.005290362532209179,0.444491982460022,0.48236382007598877,0.0001999600079984003
R0,WORK,WORK,2KI,719,5000,0.059807846315606095,0.4461819529533386,0.4461794797182083,0.003134711661649676,0.43435347080230713,0.45837467908859253,0.0001999600079984003
R0,WORK,WORK,2PE,61,5000,0.06666334750428193,0.4768638014793396,0.47670313127040864,0.013195628796267709,0.4335775375366211,0.5197947025299072,0.0001999600079984003
R0,WORK,WORK,2SA,695,5000,0.07802694030987867,0.46074169874191284,0.4607803017258644,0.0031797993578650146,0.44758784770965576,0.4709969162940979,0.0001999600079984003
R0,WORK,WORK,2TH,47,5000,0.06854822066021093,0.44662439823150635,0.4477962300658226,0.014513253126275655,0.3983590006828308,0.5017342567443848,0.0001999600079984003
R0,WORK,WORK,2TI,83,5000,0.05765182162348281,0.4818795323371887,0.4821601644515991,0.012477270792429258,0.42961961030960083,0.5331944227218628,0.0001999600079984003
R0,WORK,WORK,ACT,1007,5000,0.054692006677398486,0.48864179849624634,0.4886224531888962,0.0029721133817966175,0.47841811180114746,0.5000501275062561,0.0001999600079984003
R0,WORK,WORK,AMO,146,5000,0.05849756095268982,0.4526316672563553,0.4525401919603348,0.007905377623178746,0.42309802770614624,0.48959505558013916,0.0001999600079984003
R0,WORK,WORK,COL,95,5000,0.048019912270228504,0.45360004901885986,0.45371362128257753,0.009646596629654699,0.4178236126899719,0.4917808771133423,0.0001999600079984003
R0,WORK,WORK,DAN,357,5000,0.049481360093336146,0.4716780185699463,0.47167564438581466,0.004578619241901706,0.4543890953063965,0.4890063405036926,0.0001999600079984003
R0,WORK,WORK,DEU,959,5000,0.0522215391599139,0.45204585790634155,0.4520948777079582,0.0030614595388772617,0.4405670166015625,0.462532639503479,0.0001999600079984003
R0,WORK,WORK,ECC,222,5000,0.07150933614493132,0.4998828321695328,0.49995269328951836,0.005988546412646934,0.4747924208641052,0.5243242979049683,0.0001999600079984003
R0,WORK,WORK,EPH,155,5000,0.05743596089950953,0.44462329149246216,0.44456849316358565,0.007026506772760136,0.4215582609176636,0.4711846113204956,0.0001999600079984003
R0,WORK,WORK,EST,167,5000,0.052476763686392425,0.4382634460926056,0.43819012916088107,0.007763828011182305,0.4073030948638916,0.4689481258392334,0.0001999600079984003
R0,WORK,WORK,EXO,1213,5000,0.05166435828552185,0.4951075315475464,0.4950202787876129,0.0032153623542394384,0.48263317346572876,0.5059447288513184,0.0001999600079984003
R0,WORK,WORK,EZE,1273,5000,0.05226969370388279,0.486453652381897,0.48647858254909515,0.0030743213000784856,0.4760175943374634,0.498457670211792,0.0001999600079984003
R0,WORK,WORK,EZR,280,5000,0.06984769505440602,0.46126215159893036,0.4611374649465084,0.006181949433368368,0.4404461979866028,0.48409897089004517,0.0001999600079984003
R0,WORK,WORK,GAL,149,5000,0.05863426824524842,0.4809844493865967,0.48104316881895065,0.007630388501955825,0.45443689823150635,0.5063884258270264,0.0001999600079984003
R0,WORK,WORK,GEN,1533,5000,0.06608136346918425,0.48884350061416626,0.48887470873594285,0.0022463417314282927,0.4809221029281616,0.4969693422317505,0.0001999600079984003
R0,WORK,WORK,HAB,56,5000,0.05503171687069841,0.4849061965942383,0.4851641903936863,0.012325443429670886,0.43216294050216675,0.5343220233917236,0.0001999600079984003
R0,WORK,WORK,HAG,38,5000,0.07046004938006295,0.45454370975494385,0.4562092992901802,0.020183796342416647,0.38780465722084045,0.5226494073867798,0.0001999600079984003
R0,WORK,WORK,HEB,303,5000,0.05511672530311007,0.4711982011795044,0.4711452185153961,0.004915335352306814,0.4512237310409546,0.48760926723480225,0.0001999600079984003
R0,WORK,WORK,HOS,197,5000,0.052779998627914604,0.47870564460754395,0.47881684288978577,0.006640994801228381,0.4551888704299927,0.5021478533744812,0.0001999600079984003
R0,WORK,WORK,ISA,1292,5000,0.05629397074559894,0.48718468844890594,0.48715453745126724,0.0025870538171576447,0.4778894782066345,0.49767157435417175,0.0001999600079984003
R0,WORK,WORK,JAS,108,5000,0.05795030251984257,0.48131193220615387,0.48127067489624026,0.009173688434458857,0.45005542039871216,0.5129585266113281,0.0001999600079984003
R0,WORK,WORK,JDG,618,5000,0.057880563095976334,0.4538417011499405,0.45385124635100366,0.0035208659306073366,0.43900659680366516,0.4669591188430786,0.0001999600079984003
R0,WORK,WORK,JER,1364,5000,0.0621951622231654,0.45960715413093567,0.4595660845220089,0.0025565268536783376,0.4486084580421448,0.46809470653533936,0.0001999600079984003
R0,WORK,WORK,JHN,879,5000,0.06796042197690433,0.4784407317638397,0.47843441537618636,0.0030165415349861584,0.4678359031677246,0.4905513525009155,0.0001999600079984003
R0,WORK,WORK,JOB,1070,5000,0.05155904586169052,0.5329736173152924,0.5330042306303978,0.0029043507935721936,0.5214861631393433,0.5428044199943542,0.0001999600079984003
R0,WORK,WORK,JOE,73,5000,0.05819311630209245,0.5049054622650146,0.5047730126619339,0.013173187230058721,0.45449012517929077,0.5553399324417114,0.0001999600079984003
R0,WORK,WORK,JON,48,5000,0.1001872033039009,0.459078311920166,0.45923402829766274,0.011836463471643348,0.41366904973983765,0.5048685669898987,0.0001999600079984003
R0,WORK,WORK,JOS,658,5000,0.0680885098018254,0.4587138444185257,0.4586878953576088,0.003603254662528633,0.44578996300697327,0.47147494554519653,0.0001999600079984003
R0,WORK,WORK,JUD,25,5000,0.06457264371899851,0.49802303314208984,0.4967260768651962,0.024880997928072374,0.41264843940734863,0.5738817453384399,0.0001999600079984003
R0,WORK,WORK,LAM,154,5000,0.0549752501082309,0.5064012706279755,0.5063613107919693,0.00836222356200708,0.47602424025535583,0.5386826992034912,0.0001999600079984003
R0,WORK,WORK,LEV,859,5000,0.04971811733256992,0.46527358889579773,0.46529916708469393,0.0032799643743558447,0.4534772038459778,0.47616714239120483,0.0001999600079984003
R0,WORK,WORK,LUK,1151,5000,0.06500957333113133,0.49889835715293884,0.4988685413479805,0.002682333753557177,0.4887644052505493,0.5080188512802124,0.0001999600079984003
R0,WORK,WORK,MAL,55,5000,0.07516091016963333,0.41709232330322266,0.41702100263834,0.009786242143830249,0.38030409812927246,0.45663201808929443,0.0001999600079984003
R0,WORK,WORK,MAT,1071,5000,0.06780675145470894,0.5023057162761688,0.5022264610171318,0.0027324476434184533,0.4925152063369751,0.5131494998931885,0.0001999600079984003
R0,WORK,WORK,MIC,105,5000,0.05799056263466218,0.463545560836792,0.4637775681138039,0.008816186221249729,0.4328427314758301,0.4961845874786377,0.0001999600079984003
R0,WORK,WORK,MRK,678,5000,0.06327463314875148,0.5048363208770752,0.5048272577524185,0.003525543920866257,0.4920971691608429,0.5175268650054932,0.0001999600079984003
R0,WORK,WORK,NAH,47,5000,0.05303248785635262,0.5114416480064392,0.511622191119194,0.013140665396186609,0.4501107335090637,0.55731201171875,0.0001999600079984003
R0,WORK,WORK,NEH,406,5000,0.06496140356040359,0.47948087751865387,0.47946239899992943,0.004475060049037802,0.46136847138404846,0.4962279498577118,0.0001999600079984003
R0,WORK,WORK,NUM,1288,5000,0.05458779219694121,0.4792025536298752,0.4791653150141239,0.002656952319009734,0.46817636489868164,0.4880722165107727,0.0001999600079984003
R0,WORK,WORK,OBA,21,5000,0.07561436731644167,0.4382086992263794,0.43811051176786425,0.01774634274249849,0.36564159393310547,0.49557244777679443,0.0001999600079984003
R0,WORK,WORK,PHM,25,5000,0.06737675955975486,0.3993467688560486,0.4011996295809746,0.018206550745341093,0.3357776403427124,0.4813476800918579,0.0001999600079984003
R0,WORK,WORK,PHP,104,5000,0.04855786026805364,0.4359918385744095,0.4361753335237503,0.00927572027587367,0.4052489697933197,0.46946656703948975,0.0001999600079984003
R0,WORK,WORK,PRO,915,5000,0.0544721321861531,0.5025911331176758,0.5025659286975861,0.0032378703052239996,0.49014121294021606,0.5144674777984619,0.0001999600079984003
R0,WORK,WORK,PSA,2461,5000,0.053897785221679095,0.4848010540008545,0.4847959509253502,0.00217088853170858,0.4770432710647583,0.4931962490081787,0.0001999600079984003
R0,WORK,WORK,REV,404,5000,0.05078898631683265,0.49870190024375916,0.49865996963381765,0.0046407390620049945,0.48124799132347107,0.5137222409248352,0.0001999600079984003
R0,WORK,WORK,ROM,433,5000,0.055315436203204116,0.4643797278404236,0.4643180198311806,0.004128122284509322,0.4491686224937439,0.47907888889312744,0.0001999600079984003
R0,WORK,WORK,RUT,85,5000,0.05115913343034306,0.44673603773117065,0.44633239101171496,0.010600054752554561,0.40218639373779297,0.4797487258911133,0.0001999600079984003
R0,WORK,WORK,SNG,117,5000,0.06793377033221648,0.5150631666183472,0.5147191414117813,0.009232914075458702,0.4781688451766968,0.5477799773216248,0.0001999600079984003
R0,WORK,WORK,TIT,46,5000,0.052521885669503,0.46011847257614136,0.4605101723432541,0.013722179391606372,0.4033801257610321,0.508590042591095,0.0001999600079984003
R0,WORK,WORK,ZEC,211,5000,0.061953613495860926,0.4655764102935791,0.4658193955183029,0.006722771394918596,0.4422311782836914,0.48905062675476074,0.0001999600079984003
R0,WORK,WORK,ZEP,53,5000,0.057799863869099966,0.4574786424636841,0.4571637073278427,0.013878553217999617,0.4007987380027771,0.507673978805542,0.0001999600079984003
R0,WORK_GROUP,WORK_GROUP,NT_SHARED,7957,1000,0.060094775867548966,0.5007344484329224,0.5007132784128189,0.0010040952693771892,0.49741029739379883,0.5040043592453003,0.000999000999000999
R0,WORK_GROUP,WORK_GROUP,OT_SHARED,23145,1000,0.05886522499131441,0.5039060413837433,0.5039006783366203,0.0006081818972564669,0.5021353960037231,0.5057946443557739,0.000999000999000999
R0,CANON,CANON,ALL_SHARED,31102,500,0.05915852562468393,0.5083895623683929,0.5083673681020737,0.0005068021933109099,0.5065332055091858,0.5097693800926208,0.001996007984031936
R1,WORK,WORK,1CH,942,5000,0.0819292113116305,0.45014263689517975,0.45015911808609965,0.0029389578810329856,0.4389415383338928,0.462078720331192,0.0001999600079984003
R1,WORK,WORK,1CO,437,5000,0.04792351691674468,0.494985967874527,0.49493534979820253,0.0041268103520714205,0.4820373058319092,0.510318398475647,0.0001999600079984003
R1,WORK,WORK,1JN,105,5000,0.08074298700686466,0.4197806119918823,0.4196733811736107,0.008457232140141558,0.390728235244751,0.44732165336608887,0.0001999600079984003
R1,WORK,WORK,1KI,816,5000,0.06070674127055653,0.4691760987043381,0.46922145789265635,0.003464940421696452,0.4557793140411377,0.4813458323478699,0.0001999600079984003
R1,WORK,WORK,1PE,105,5000,0.05511734887761188,0.43221157789230347,0.43256988657712936,0.007435220453361871,0.4047744870185852,0.4585001468658447,0.0001999600079984003
R1,WORK,WORK,1SA,810,5000,0.0654429415941209,0.45049092173576355,0.45042503749132157,0.003155198499700855,0.43834221363067627,0.46299824118614197,0.0001999600079984003
R1,WORK,WORK,1TH,89,5000,0.06958958150512606,0.43967175483703613,0.4397700428724289,0.009200802537359304,0.40621888637542725,0.47159314155578613,0.0001999600079984003
R1,WORK,WORK,1TI,113,5000,0.04883181383949409,0.47609543800354004,0.47621585062742233,0.009666662880669901,0.4442795515060425,0.5104767084121704,0.0001999600079984003
R1,WORK,WORK,2CH,822,5000,0.06473665559904501,0.44784238934516907,0.4478342624843121,0.002997545454934382,0.43677788972854614,0.4581984281539917,0.0001999600079984003
R1,WORK,WORK,2CO,257,5000,0.05616683804415867,0.4636678099632263,0.4638142431378365,0.005440216901733658,0.44356101751327515,0.48364365100860596,0.0001999600079984003
R1,WORK,WORK,2KI,719,5000,0.059807846315606095,0.44607028365135193,0.44609012216329574,0.003120344992038784,0.43494856357574463,0.4583050012588501,0.0001999600079984003
R1,WORK,WORK,2PE,61,5000,0.06666334750428193,0.4768638014793396,0.47667008973360064,0.013134352211471507,0.4299831986427307,0.5202049016952515,0.0001999600079984003
R1,WORK,WORK,2SA,695,5000,0.07802694030987867,0.4607963562011719,0.460770533311367,0.0032859684793489943,0.4484561085700989,0.47340744733810425,0.0001999600079984003
R1,WORK,WORK,2TH,47,5000,0.06854822066021093,0.44662439823150635,0.44743609125614164,0.014264969452248132,0.39194393157958984,0.4946192502975464,0.0001999600079984003
R1,WORK,WORK,2TI,83,5000,0.05765182162348281,0.4816305637359619,0.4817879699707031,0.01240730846185633,0.439980149269104,0.5270900726318359,0.0001999600079984003
R1,WORK,WORK,ACT,1007,5000,0.054692006677398486,0.48864662647247314,0.48867722877264025,0.0029383760343854896,0.47854840755462646,0.5004165768623352,0.0001999600079984003
R1,WORK,WORK,AMO,146,5000,0.05849756095268982,0.4524611085653305,0.452376413744688,0.0077772947952179485,0.424279123544693,0.4802069067955017,0.0001999600079984003
R1,WORK,WORK,COL,95,5000,0.048019912270228504,0.4539507031440735,0.45396909693479537,0.009521469906645852,0.4221142530441284,0.4842613935470581,0.0001999600079984003
R1,WORK,WORK,DAN,357,5000,0.049481360093336146,0.4716300070285797,0.47171510473489764,0.004597634131097916,0.45554137229919434,0.4916386604309082,0.0001999600079984003
R1,WORK,WORK,DEU,959,5000,0.0522215391599139,0.4520711302757263,0.4520793454408646,0.0029883609329472037,0.44220662117004395,0.46444249153137207,0.0001999600079984003
R1,WORK,WORK,ECC,222,5000,0.07150933614493132,0.49966493248939514,0.49979746109843254,0.005752097587258891,0.47942060232162476,0.5194388628005981,0.0001999600079984003
R1,WORK,WORK,EPH,155,5000,0.05743596089950953,0.4445474147796631,0.444680465567112,0.0069299999401196575,0.41871774196624756,0.4718140959739685,0.0001999600079984003
R1,WORK,WORK,EST,167,5000,0.052476763686392425,0.43821796774864197,0.4381487490653992,0.007756894110229638,0.4016460180282593,0.4689829349517822,0.0001999600079984003
R1,WORK,WORK,EXO,1213,5000,0.05166435828552185,0.4950070381164551,0.49502496852874756,0.003284075627536129,0.4834017753601074,0.5082750916481018,0.0001999600079984003
R1,WORK,WORK,EZE,1273,5000,0.05226969370388279,0.48644813895225525,0.4864500221610069,0.0030603021460410542,0.4758867025375366,0.49798524379730225,0.0001999600079984003
R1,WORK,WORK,EZR,280,5000,0.06984769505440602,0.4612576365470886,0.4612799032211304,0.00615012445200378,0.4397861957550049,0.4813491404056549,0.0001999600079984003
R1,WORK,WORK,GAL,149,5000,0.05863426824524842,0.48112839460372925,0.4811808374762535,0.00767836673790668,0.4554818868637085,0.5089965462684631,0.0001999600079984003
R1,WORK,WORK,GEN,1533,5000,0.06608136346918425,0.4889225959777832,0.4889238033056259,0.002232498552660197,0.48102807998657227,0.49707627296447754,0.0001999600079984003
R1,WORK,WORK,HAB,56,5000,0.05503171687069841,0.4851299226284027,0.48507587324380874,0.012308274563811717,0.436053067445755,0.5342296361923218,0.0001999600079984003
R1,WORK,WORK,HAG,38,5000,0.07046004938006295,0.4553457051515579,0.45631117876172067,0.020317766966766553,0.3818051815032959,0.5359006524085999,0.0001999600079984003
R1,WORK,WORK,HEB,303,5000,0.05511672530311007,0.4710524082183838,0.4710808746933937,0.004904494745877717,0.45380914211273193,0.49008870124816895,0.0001999600079984003
R1,WORK,WORK,HOS,197,5000,0.052779998627914604,0.47889119386672974,0.4789994513511658,0.006698405738722775,0.45619404315948486,0.5022245645523071,0.0001999600079984003
R1,WORK,WORK,ISA,1292,5000,0.05629397074559894,0.487094983458519,0.4871617856323719,0.00260616167371571,0.477992981672287,0.4973164200782776,0.0001999600079984003
R1,WORK,WORK,JAS,108,5000,0.05795030251984257,0.48140765726566315,0.4815034629166126,0.009125663783575735,0.44089949131011963,0.5129095315933228,0.0001999600079984003
R1,WORK,WORK,JDG,618,5000,0.057880563095976334,0.4538875073194504,0.45390535718798636,0.003487448888888322,0.4419439733028412,0.4659966230392456,0.0001999600079984003
R1,WORK,WORK,JER,1364,5000,0.0621951622231654,0.45961032807826996,0.45959940868616106,0.002544970235207882,0.4507927894592285,0.4702566862106323,0.0001999600079984003
R1,WORK,WORK,JHN,879,5000,0.06796042197690433,0.47843223810195923,0.4783922503232956,0.0030721694333191055,0.4672551155090332,0.49028146266937256,0.0001999600079984003
R1,WORK,WORK,JOB,1070,5000,0.05155904586169052,0.5330277979373932,0.5329692224740982,0.0029107690383365424,0.5234977006912231,0.5441429018974304,0.0001999600079984003
R1,WORK,WORK,JOE,73,5000,0.05819311630209245,0.5053383708000183,0.5050168074965476,0.013060283507382706,0.4591721296310425,0.5539845824241638,0.0001999600079984003
R1,WORK,WORK,JON,48,5000,0.1001872033039009,0.4591798037290573,0.4594027082145214,0.011874683410235001,0.40823572874069214,0.5150322318077087,0.0001999600079984003
R1,WORK,WORK,JOS,658,5000,0.0680885098018254,0.4585990458726883,0.4586204356312752,0.003654152842188319,0.44512853026390076,0.4718850553035736,0.0001999600079984003
R1,WORK,WORK,JUD,25,5000,0.06457264371899851,0.4957028031349182,0.49628670181035994,0.02534710312007331,0.4097621440887451,0.5805922150611877,0.0001999600079984003
R1,WORK,WORK,LAM,154,5000,0.0549752501082309,0.5065769255161285,0.5063904254674911,0.008484667807938079,0.4778462052345276,0.536558985710144,0.0001999600079984003
R1,WORK,WORK,LEV,859,5000,0.04971811733256992,0.46527987718582153,0.46535056364536287,0.0032425682581242047,0.45302814245224,0.476734459400177,0.0001999600079984003
R1,WORK,WORK,LUK,1151,5000,0.06500957333113133,0.49887025356292725,0.4989104066371918,0.0026875616430040526,0.4890623688697815,0.5087316036224365,0.0001999600079984003
R1,WORK,WORK,MAL,55,5000,0.07516091016963333,0.416980504989624,0.41698503910303114,0.009756239119434485,0.3818148374557495,0.4548308849334717,0.0001999600079984003
R1,WORK,WORK,MAT,1071,5000,0.06780675145470894,0.5022865533828735,0.5022557841181755,0.0026935725206214244,0.49123769998550415,0.513231098651886,0.0001999600079984003
R1,WORK,WORK,MIC,105,5000,0.05799056263466218,0.46405136585235596,0.464121651160717,0.008869884647024517,0.42907559871673584,0.49442052841186523,0.0001999600079984003
R1,WORK,WORK,MRK,678,5000,0.06327463314875148,0.5049415826797485,0.504990168440342,0.0036019285906552447,0.4932022988796234,0.5197853446006775,0.0001999600079984003
R1,WORK,WORK,NAH,47,5000,0.05303248785635262,0.5111658573150635,0.5114187000870705,0.012891072717933109,0.4670562744140625,0.5599914193153381,0.0001999600079984003
R1,WORK,WORK,NEH,406,5000,0.06496140356040359,0.4793570786714554,0.47936553801298143,0.004531452155758686,0.46271994709968567,0.4960183799266815,0.0001999600079984003
R1,WORK,WORK,NUM,1288,5000,0.05458779219694121,0.47922079265117645,0.47923183980584144,0.0026699096200656367,0.4705943763256073,0.4888949394226074,0.0001999600079984003
R1,WORK,WORK,OBA,21,5000,0.07561436731644167,0.4393194317817688,0.4388244254946709,0.017691718957095464,0.37210559844970703,0.4939849376678467,0.0001999600079984003
R1,WORK,WORK,PHM,25,5000,0.06737675955975486,0.3993467688560486,0.4009450619339943,0.017865050185218192,0.34182655811309814,0.5020264387130737,0.0001999600079984003
R1,WORK,WORK,PHP,104,5000,0.04855786026805364,0.4357447475194931,0.43612665820121765,0.009274122008503244,0.4072893261909485,0.4678116738796234,0.0001999600079984003
R1,WORK,WORK,PRO,915,5000,0.0544721321861531,0.5024887323379517,0.502509763944149,0.0032373515077187822,0.49148476123809814,0.5150576829910278,0.0001999600079984003
R1,WORK,WORK,PSA,2461,5000,0.053897785221679095,0.484835147857666,0.48483888175487516,0.0021665206897834573,0.47714656591415405,0.49210309982299805,0.0001999600079984003
R1,WORK,WORK,REV,404,5000,0.05078898631683265,0.4984823912382126,0.49860617395639417,0.004602705330646698,0.48435041308403015,0.5158535242080688,0.0001999600079984003
R1,WORK,WORK,ROM,433,5000,0.055315436203204116,0.4644153118133545,0.46428672906160356,0.004133530310887824,0.44978904724121094,0.4782205820083618,0.0001999600079984003
R1,WORK,WORK,RUT,85,5000,0.05115913343034306,0.44669878482818604,0.4462625566959381,0.01065462240348579,0.4059396982192993,0.48209285736083984,0.0001999600079984003
R1,WORK,WORK,SNG,117,5000,0.06793377033221648,0.5147842764854431,0.5144570637464523,0.009217373041867923,0.48207801580429077,0.5463081002235413,0.0001999600079984003
R1,WORK,WORK,TIT,46,5000,0.052521885669503,0.4603297859430313,0.4604814791202545,0.013855118668642879,0.4089597165584564,0.512732744216919,0.0001999600079984003
R1,WORK,WORK,ZEC,211,5000,0.061953613495860926,0.46544185280799866,0.4656516545534134,0.006749358470997284,0.439483106136322,0.4894838333129883,0.0001999600079984003
R1,WORK,WORK,ZEP,53,5000,0.057799863869099966,0.4575822353363037,0.4575479662179947,0.013867395786862571,0.4072452783584595,0.5047650933265686,0.0001999600079984003
R1,WORK_GROUP,WORK_GROUP,NT_SHARED,7957,1000,0.060094775867548966,0.5006192624568939,0.5006453813910484,0.000999920947681748,0.4971693158149719,0.5034886002540588,0.000999000999000999
R1,WORK_GROUP,WORK_GROUP,OT_SHARED,23145,1000,0.05886522499131441,0.5039069354534149,0.5039038146734238,0.0005983772140533775,0.502038836479187,0.5058385133743286,0.000999000999000999
R1,CANON,CANON,ALL_SHARED,31102,500,0.05915852562468393,0.5083830952644348,0.5083696843385697,0.0005073921007693415,0.5067936182022095,0.5101028680801392,0.001996007984031936
