representation,null_model,scope_type,scope_name,n_observed,n_null,mwu_stat,mwu_p,ks_stat,ks_p,cliffs_delta,cliffs_delta_interpretation,mwu_p_fdr,ks_p_fdr
R0,WORK,WORK,1CH,942,100000,84824.0,0.0,0.9858174309978768,0.0,-0.9981990658174098,large; observed_lower_than_null,0.0,0.0
R0,WORK,WORK,1CO,437,100000,5087.0,5.447905281109682e-286,0.9908333409610984,0.0,-0.9997671853546912,large; observed_lower_than_null,1.3273078321249042e-285,0.0
R0,WORK,WORK,1JN,105,100000,6108.0,1.5173198912267997e-70,0.9869161904761904,3.615117001305958e-198,-0.9988365714285714,large; observed_lower_than_null,2.0747027084121545e-70,4.657939213221138e-198
R0,WORK,WORK,1KI,816,100000,5748.0,0.0,0.99521,0.0,-0.9998591176470588,large; observed_lower_than_null,0.0,0.0
R0,WORK,WORK,1PE,105,100000,138.0,1.0599344051048499e-70,0.99934,0.0,-0.9999737142857142,large; observed_lower_than_null,1.480826676338924e-70,0.0
R0,WORK,WORK,1SA,810,100000,24330.0,0.0,0.9856625925925926,0.0,-0.9993992592592592,large; observed_lower_than_null,0.0,0.0
R0,WORK,WORK,1TH,89,100000,81639.0,3.749408977706323e-58,0.9754380898876404,1.0823313760688805e-143,-0.9816541573033708,large; observed_lower_than_null,4.8309692597369936e-58,1.2187597007834452e-143
R0,WORK,WORK,1TI,113,100000,544.0,6.605495616557522e-76,0.99735,1.342189232772908e-291,-0.9999037168141592,large; observed_lower_than_null,9.834849029096755e-76,1.9133335871443584e-291
R0,WORK,WORK,2CH,822,100000,3836.0,0.0,0.9947334549878344,0.0,-0.9999066666666668,large; observed_lower_than_null,0.0,0.0
R0,WORK,WORK,2CO,257,100000,2245.0,1.683148801659021e-169,0.9958,0.0,-0.9998252918287938,large; observed_lower_than_null,3.222027706032983e-169,0.0
R0,WORK,WORK,2KI,719,100000,10785.0,0.0,0.993897538247566,0.0,-0.9997,large; observed_lower_than_null,0.0,0.0
R0,WORK,WORK,2PE,61,100000,303.0,5.782236929848944e-42,0.99866,1.1335030574781313e-175,-0.9999006557377048,large; observed_lower_than_null,6.98035809549332e-42,1.419527193477286e-175
R0,WORK,WORK,2SA,695,100000,10127.0,0.0,0.99115345323741,0.0,-0.9997085755395684,large; observed_lower_than_null,0.0,0.0
R0,WORK,WORK,2TH,47,100000,3541.0,1.0306541135453562e-32,0.9767834042553192,3.1157409742827188e-77,-0.9984931914893616,large; observed_lower_than_null,1.1144431774077005e-32,3.287474728770743e-77
R0,WORK,WORK,2TI,83,100000,43885.0,3.296956937049853e-55,0.9879518072289156,1.0412339700764474e-159,-0.9894253012048192,large; observed_lower_than_null,4.090668792265558e-55,1.2239065964056487e-159
R0,WORK,WORK,ACT,1007,100000,6513.0,0.0,0.9945208540218472,0.0,-0.9998706454816286,large; observed_lower_than_null,0.0,0.0
R0,WORK,WORK,AMO,146,100000,4644.0,2.6896998323972094e-97,0.98986,1.5225495149979048e-291,-0.9993638356164384,large; observed_lower_than_null,4.1909276458282097e-97,2.147596157997045e-291
R0,WORK,WORK,COL,95,100000,6416.0,5.1532660862508095e-64,0.9822736842105264,8.313535847297467e-167,-0.9986492631578948,large; observed_lower_than_null,6.824281005737201e-64,1.031494262535056e-166
R0,WORK,WORK,DAN,357,100000,3659.0,2.79510936120112e-234,0.9913588795518208,0.0,-0.9997950140056022,large; observed_lower_than_null,5.945153244459525e-234,0.0
R0,WORK,WORK,DEU,959,100000,120412.0,0.0,0.9871852241918664,0.0,-0.9974888008342024,large; observed_lower_than_null,0.0,0.0
R0,WORK,WORK,ECC,222,100000,1727.0,8.623954180132835e-147,0.99736,0.0,-0.9998444144144144,large; observed_lower_than_null,1.6119561689836663e-146,0.0
R0,WORK,WORK,EPH,155,100000,19228.0,8.935537190350388e-103,0.9709535483870968,1.2035336660932121e-238,-0.9975189677419356,large; observed_lower_than_null,1.4967024793836902e-102,1.5811128554557885e-238
R0,WORK,WORK,EST,167,100000,4841.0,5.8660620475802065e-111,0.99274,0.0,-0.999420239520958,large; observed_lower_than_null,1.020847161526945e-110,0.0
R0,WORK,WORK,EXO,1213,100000,21315.0,0.0,0.9911891838417148,0.0,-0.9996485572959604,large; observed_lower_than_null,0.0,0.0
R0,WORK,WORK,EZE,1273,100000,57469.0,0.0,0.9946089080911232,0.0,-0.9990971091908876,large; observed_lower_than_null,0.0,0.0
R0,WORK,WORK,EZR,280,100000,35520.0,1.476440750123425e-183,0.9710128571428572,0.0,-0.9974628571428572,large; observed_lower_than_null,2.9094567723020433e-183,0.0
R0,WORK,WORK,GAL,149,100000,2110.0,2.574561812366743e-99,0.9897485906040268,8.086918530895632e-297,-0.99971677852349,large; observed_lower_than_null,4.107039081632661e-99,1.1652119173548546e-296
R0,WORK,WORK,GEN,1533,100000,63002.0,0.0,0.9881445270711025,0.0,-0.999178056099152,large; observed_lower_than_null,0.0,0.0
R0,WORK,WORK,HAB,56,100000,0.0,1.0614134059430971e-38,1.0,0.0,-1.0,large; observed_lower_than_null,1.2476263572898019e-38,0.0
R0,WORK,WORK,HAG,38,100000,2841.0,7.91154227945677e-27,0.98931,2.524543123573103e-75,-0.9985047368421052,large; observed_lower_than_null,8.282395823806306e-27,2.6022213735291984e-75
R0,WORK,WORK,HEB,303,100000,1064.0,2.295558588957309e-199,0.99769,0.0,-0.9999297689768976,large; observed_lower_than_null,4.660679559398174e-199,0.0
R0,WORK,WORK,HOS,197,100000,65.0,1.3680392639867922e-130,0.99976,0.0,-0.9999934010152284,large; observed_lower_than_null,2.4120692286082915e-130,0.0
R0,WORK,WORK,ISA,1292,100000,4155.0,0.0,0.9976160061919505,0.0,-0.9999356811145512,large; observed_lower_than_null,0.0,0.0
R0,WORK,WORK,JAS,108,100000,630.0,1.2075380176923493e-72,0.99768,5.939260359621586e-285,-0.9998833333333332,large; observed_lower_than_null,1.7588053735953787e-72,8.121029471319311e-285
R0,WORK,WORK,JDG,618,100000,17564.0,0.0,0.9959618770226536,0.0,-0.9994315857605178,large; observed_lower_than_null,0.0,0.0
R0,WORK,WORK,JER,1364,100000,18236.0,0.0,0.993328035190616,0.0,-0.9997326099706744,large; observed_lower_than_null,0.0,0.0
R0,WORK,WORK,JHN,879,100000,46835.0,0.0,0.9860493742889648,0.0,-0.9989343572241184,large; observed_lower_than_null,0.0,0.0
R0,WORK,WORK,JOB,1070,100000,8417.0,0.0,0.991942523364486,0.0,-0.9998426728971964,large; observed_lower_than_null,0.0,0.0
R0,WORK,WORK,JOE,73,100000,940.0,8.578280343591832e-50,0.9906,2.1845566354651642e-148,-0.9997424657534246,large; observed_lower_than_null,1.0465647447884773e-49,2.545483383933322e-148
R0,WORK,WORK,JON,48,100000,2823.0,2.1825916727044853e-33,0.98508,4.384635605412127e-88,-0.99882375,large; observed_lower_than_null,2.4570037923086184e-33,4.7003293690018005e-88
R0,WORK,WORK,JOS,658,100000,31462.0,0.0,0.9840412158054712,0.0,-0.999043708206687,large; observed_lower_than_null,0.0,0.0
R0,WORK,WORK,JUD,25,100000,0.0,2.3767423950387535e-18,1.0,0.0,-1.0,large; observed_lower_than_null,2.4498729302707153e-18,0.0
R0,WORK,WORK,LAM,154,100000,19529.0,4.071751823202945e-102,0.9840864935064936,2.3603499135761413e-277,-0.9974637662337662,large; observed_lower_than_null,6.7094555382839924e-102,3.162868884192029e-277
R0,WORK,WORK,LEV,859,100000,165253.0,0.0,0.9766002677532012,0.0,-0.9961524330616996,large; observed_lower_than_null,0.0,0.0
R0,WORK,WORK,LUK,1151,100000,44016.0,0.0,0.9943559513466552,0.0,-0.9992351694178976,large; observed_lower_than_null,0.0,0.0
R0,WORK,WORK,MAL,55,100000,928.0,5.067231021148588e-38,0.99392,2.6045149561414517e-122,-0.9996625454545456,large; observed_lower_than_null,5.853525489947507e-38,2.8145564848625365e-122
R0,WORK,WORK,MAT,1071,100000,57191.0,0.0,0.9950288795518208,0.0,-0.9989320074696544,large; observed_lower_than_null,0.0,0.0
R0,WORK,WORK,MIC,105,100000,104.0,1.0577698775419709e-70,0.99956,0.0,-0.9999801904761904,large; observed_lower_than_null,1.480826676338924e-70,0.0
R0,WORK,WORK,MRK,678,100000,72141.0,0.0,0.993635221238938,0.0,-0.9978719469026548,large; observed_lower_than_null,0.0,0.0
R0,WORK,WORK,NAH,47,100000,85.0,8.3664239587804e-33,0.99915,9.632067208238844e-145,-0.999963829787234,large; observed_lower_than_null,9.199345231982703e-33,1.1031598341059872e-144
R0,WORK,WORK,NEH,406,100000,14290.0,1.0384987873024068e-265,0.9857938916256158,0.0,-0.9992960591133004,large; observed_lower_than_null,2.3586243643817375e-265,0.0
R0,WORK,WORK,NUM,1288,100000,141847.0,0.0,0.988743602484472,0.0,-0.997797406832298,large; observed_lower_than_null,0.0,0.0
R0,WORK,WORK,OBA,21,100000,930.0,1.1012969978680684e-15,0.99535,2.077504658758665e-49,-0.9991142857142856,large; observed_lower_than_null,1.1012969978680684e-15,2.077504658758665e-49
R0,WORK,WORK,PHM,25,100000,339.0,2.4262027429504882e-18,0.99661,3.5976793278538293e-62,-0.9997288,large; observed_lower_than_null,2.46296339057095e-18,3.6521896207000994e-62
R0,WORK,WORK,PHP,104,100000,2318.0,5.4241467132478834e-70,0.9869346153846156,2.3863749479845616e-196,-0.9995542307692308,large; observed_lower_than_null,7.268356595752164e-70,3.0454689812374404e-196
R0,WORK,WORK,PRO,915,100000,13375.0,0.0,0.99161131147541,0.0,-0.999707650273224,large; observed_lower_than_null,0.0,0.0
R0,WORK,WORK,PSA,2461,100000,90274.0,0.0,0.9867868833807396,0.0,-0.9992663632669646,large; observed_lower_than_null,0.0,0.0
R0,WORK,WORK,REV,404,100000,772.0,9.096521533574131e-265,0.99946,0.0,-0.999961782178218,large; observed_lower_than_null,1.998252271309727e-264,0.0
R0,WORK,WORK,ROM,433,100000,2758.0,1.823799452327336e-283,0.9943705311778293,0.0,-0.9998726096997692,large; observed_lower_than_null,4.287528537050228e-283,0.0
R0,WORK,WORK,RUT,85,100000,1545.0,1.2928767400098263e-57,0.9879452941176472,1.5824958622453866e-163,-0.9996364705882352,large; observed_lower_than_null,1.6445501728989207e-57,1.8933432637578733e-163
R0,WORK,WORK,SNG,117,100000,3393.0,1.9363320852685296e-78,0.99829,0.0,-0.99942,large; observed_lower_than_null,2.948505675295261e-78,0.0
R0,WORK,WORK,TIT,46,100000,152.0,3.7995321972468193e-32,0.99848,4.6327092126196374e-130,-0.9999339130434782,large; observed_lower_than_null,4.040772336754554e-32,5.088385528615011e-130
R0,WORK,WORK,ZEC,211,100000,6693.0,1.6249259104841177e-139,0.992670663507109,0.0,-0.9993655924170616,large; observed_lower_than_null,2.9827407123955036e-139,0.0
R0,WORK,WORK,ZEP,53,100000,0.0,9.769416023328574e-37,1.0,0.0,-1.0,large; observed_lower_than_null,1.1094082952212237e-36,0.0
R0,WORK_GROUP,WORK_GROUP,NT_SHARED,7957,100000,298379.0,0.0,0.9942897348246826,0.0,-0.999250021364836,large; observed_lower_than_null,0.0,0.0
R0,WORK_GROUP,WORK_GROUP,OT_SHARED,23145,100000,298016.0,0.0,0.9943839122920718,0.0,-0.9997424791531648,large; observed_lower_than_null,0.0,0.0
R0,CANON,CANON,ALL_SHARED,31102,100000,560622.0,0.0,0.9943647726834288,0.0,-0.999639494566266,large; observed_lower_than_null,0.0,0.0
R1,WORK,WORK,1CH,942,100000,86406.0,0.0,0.9857974309978768,0.0,-0.9981654777070064,large; observed_lower_than_null,0.0,0.0
R1,WORK,WORK,1CO,437,100000,5658.0,5.637042186880672e-286,0.9904733409610984,0.0,-0.999741052631579,large; observed_lower_than_null,1.3488636661464463e-285,0.0
R1,WORK,WORK,1JN,105,100000,5834.0,1.492555462824558e-70,0.9871661904761904,4.7683362549954505e-199,-0.998888761904762,large; observed_lower_than_null,2.0618807424586677e-70,6.203466584168838e-199
R1,WORK,WORK,1KI,816,100000,4656.0,0.0,0.99541,0.0,-0.9998858823529412,large; observed_lower_than_null,0.0,0.0
R1,WORK,WORK,1PE,105,100000,153.0,1.060890753198035e-70,0.99929,0.0,-0.9999708571428572,large; observed_lower_than_null,1.480826676338924e-70,0.0
R1,WORK,WORK,1SA,810,100000,21913.0,0.0,0.9865625925925926,0.0,-0.9994589382716048,large; observed_lower_than_null,0.0,0.0
R1,WORK,WORK,1TH,89,100000,81512.0,3.721384542241076e-58,0.9754580898876404,1.0066398881967889e-143,-0.9816826966292136,large; observed_lower_than_null,4.8309692597369936e-58,1.1431334323590653e-143
R1,WORK,WORK,1TI,113,100000,440.0,6.564335800590532e-76,0.99783,2.094015637538914e-301,-0.9999221238938052,large; observed_lower_than_null,9.834849029096755e-76,3.0834955541781804e-301
R1,WORK,WORK,2CH,822,100000,4518.0,0.0,0.9940469099756692,0.0,-0.9998900729927008,large; observed_lower_than_null,0.0,0.0
R1,WORK,WORK,2CO,257,100000,1697.0,1.6287835169637512e-169,0.99594,0.0,-0.9998679377431908,large; observed_lower_than_null,3.1631448010600385e-169,0.0
R1,WORK,WORK,2KI,719,100000,9084.0,0.0,0.993547538247566,0.0,-0.9997473157162726,large; observed_lower_than_null,0.0,0.0
R1,WORK,WORK,2PE,61,100000,455.0,5.835460403698352e-42,0.99812,1.0584218595680142e-166,-0.9998508196721312,large; observed_lower_than_null,6.981711554424813e-42,1.3011791668083845e-166
R1,WORK,WORK,2SA,695,100000,10829.0,0.0,0.99079345323741,0.0,-0.9996883741007194,large; observed_lower_than_null,0.0,0.0
R1,WORK,WORK,2TH,47,100000,3551.0,1.0312757761086184e-32,0.9766134042553192,4.390150412248839e-77,-0.9984889361702128,large; observed_lower_than_null,1.1144431774077005e-32,4.595938712823004e-77
R1,WORK,WORK,2TI,83,100000,43874.0,3.294797721349576e-55,0.9879518072289156,1.0412339700764474e-159,-0.9894279518072288,large; observed_lower_than_null,4.090668792265558e-55,1.2239065964056487e-159
R1,WORK,WORK,ACT,1007,100000,6792.0,0.0,0.994650854021847,0.0,-0.9998651042701092,large; observed_lower_than_null,0.0,0.0
R1,WORK,WORK,AMO,146,100000,4053.0,2.5959748162417874e-97,0.98984,2.03007160206224e-291,-0.999444794520548,large; observed_lower_than_null,4.0924779456047003e-97,2.8336416112118767e-291
R1,WORK,WORK,COL,95,100000,6549.0,5.194601959591004e-64,0.9818536842105264,7.690137608307237e-166,-0.9986212631578948,large; observed_lower_than_null,6.824281005737201e-64,9.367985813756089e-166
R1,WORK,WORK,DAN,357,100000,3944.0,2.8431783054060135e-234,0.9913988795518208,0.0,-0.9997790476190476,large; observed_lower_than_null,5.95290457694384e-234,0.0
R1,WORK,WORK,DEU,959,100000,118577.0,0.0,0.9871052241918664,0.0,-0.9975270698644422,large; observed_lower_than_null,0.0,0.0
R1,WORK,WORK,ECC,222,100000,1799.0,8.661257027374924e-147,0.99729,0.0,-0.999837927927928,large; observed_lower_than_null,1.6119561689836663e-146,0.0
R1,WORK,WORK,EPH,155,100000,19040.0,8.835497597769702e-103,0.9712935483870968,1.9402357424983428e-239,-0.9975432258064516,large; observed_lower_than_null,1.4967024793836902e-102,2.574174153413643e-239
R1,WORK,WORK,EST,167,100000,5107.0,5.9604086627919625e-111,0.99286,0.0,-0.999388383233533,large; observed_lower_than_null,1.0239676420693884e-110,0.0
R1,WORK,WORK,EXO,1213,100000,27674.0,0.0,0.9907891838417148,0.0,-0.9995437098103874,large; observed_lower_than_null,0.0,0.0
R1,WORK,WORK,EZE,1273,100000,51919.0,0.0,0.9945489080911232,0.0,-0.9991843047918304,large; observed_lower_than_null,0.0,0.0
R1,WORK,WORK,EZR,280,100000,35135.0,1.442863444893058e-183,0.9709428571428572,0.0,-0.9974903571428572,large; observed_lower_than_null,2.885726889786116e-183,0.0
R1,WORK,WORK,GAL,149,100000,2096.0,2.57239910673899e-99,0.9898185906040268,2.913447665024013e-297,-0.9997186577181209,large; observed_lower_than_null,4.107039081632661e-99,4.2434998599262795e-297
R1,WORK,WORK,GEN,1533,100000,62975.0,0.0,0.9879845270711024,0.0,-0.9991784083496412,large; observed_lower_than_null,0.0,0.0
R1,WORK,WORK,HAB,56,100000,0.0,1.0614134681420704e-38,1.0,0.0,-1.0,large; observed_lower_than_null,1.2476263572898019e-38,0.0
R1,WORK,WORK,HAG,38,100000,2603.0,7.798609497279324e-27,0.98947,1.423338185148288e-75,-0.99863,large; observed_lower_than_null,8.228454115239602e-27,1.478506331859462e-75
R1,WORK,WORK,HEB,303,100000,1056.0,2.2944591914393093e-199,0.99776,0.0,-0.9999302970297028,large; observed_lower_than_null,4.660679559398174e-199,0.0
R1,WORK,WORK,HOS,197,100000,46.0,1.366481051350459e-130,0.99984,0.0,-0.9999953299492386,large; observed_lower_than_null,2.4120692286082915e-130,0.0
R1,WORK,WORK,ISA,1292,100000,4621.0,0.0,0.9976660061919504,0.0,-0.99992846749226,large; observed_lower_than_null,0.0,0.0
R1,WORK,WORK,JAS,108,100000,606.0,1.205797172241138e-72,0.99771,1.4563376872459087e-285,-0.9998877777777778,large; observed_lower_than_null,1.7588053735953787e-72,2.011847939081977e-285
R1,WORK,WORK,JDG,618,100000,17257.0,0.0,0.9958618770226536,0.0,-0.9994415210355988,large; observed_lower_than_null,0.0,0.0
R1,WORK,WORK,JER,1364,100000,17844.0,0.0,0.993108035190616,0.0,-0.999738357771261,large; observed_lower_than_null,0.0,0.0
R1,WORK,WORK,JHN,879,100000,46683.0,0.0,0.9860893742889648,0.0,-0.9989378156996588,large; observed_lower_than_null,0.0,0.0
R1,WORK,WORK,JOB,1070,100000,8551.0,0.0,0.992072523364486,0.0,-0.9998401682242992,large; observed_lower_than_null,0.0,0.0
R1,WORK,WORK,JOE,73,100000,965.0,8.591203128860634e-50,0.99035,1.4843074585605376e-147,-0.9997356164383562,large; observed_lower_than_null,1.0465647447884773e-49,1.714631029716483e-147
R1,WORK,WORK,JON,48,100000,2957.0,2.200301903559957e-33,0.98382,2.147824662727236e-86,-0.9987679166666666,large; observed_lower_than_null,2.4570037923086184e-33,2.2841944825829335e-86
R1,WORK,WORK,JOS,658,100000,30293.0,0.0,0.9840812158054713,0.0,-0.9990792401215806,large; observed_lower_than_null,0.0,0.0
R1,WORK,WORK,JUD,25,100000,0.0,2.3767423700667352e-18,1.0,0.0,-1.0,large; observed_lower_than_null,2.4498729302707153e-18,0.0
R1,WORK,WORK,LAM,154,100000,19668.0,4.105786224920055e-102,0.9848764935064936,9.279285863182596e-281,-0.9974457142857144,large; observed_lower_than_null,6.7094555382839924e-102,1.2559841471378463e-280
R1,WORK,WORK,LEV,859,100000,179237.0,0.0,0.9765019790454016,0.0,-0.9958268451688008,large; observed_lower_than_null,0.0,0.0
R1,WORK,WORK,LUK,1151,100000,43266.0,0.0,0.994515951346655,0.0,-0.9992482015638576,large; observed_lower_than_null,0.0,0.0
R1,WORK,WORK,MAL,55,100000,889.0,5.055326829727382e-38,0.99393,2.3790742959567526e-122,-0.9996767272727272,large; observed_lower_than_null,5.853525489947507e-38,2.5918370378715846e-122
R1,WORK,WORK,MAT,1071,100000,57321.0,0.0,0.9948788795518207,0.0,-0.9989295798319328,large; observed_lower_than_null,0.0,0.0
R1,WORK,WORK,MIC,105,100000,85.0,1.0565622026495176e-70,0.99963,0.0,-0.9999838095238096,large; observed_lower_than_null,1.480826676338924e-70,0.0
R1,WORK,WORK,MRK,678,100000,72903.0,0.0,0.993465221238938,0.0,-0.9978494690265488,large; observed_lower_than_null,0.0,0.0
R1,WORK,WORK,NAH,47,100000,103.0,8.375523270909626e-33,0.99897,8.023790056806805e-141,-0.999956170212766,large; observed_lower_than_null,9.199345231982703e-33,8.9598988967676e-141
R1,WORK,WORK,NEH,406,100000,15596.0,1.1227998028705136e-265,0.9856638916256156,0.0,-0.999231724137931,large; observed_lower_than_null,2.5075862264108137e-265,0.0
R1,WORK,WORK,NUM,1288,100000,120786.0,0.0,0.989073602484472,0.0,-0.9981244409937888,large; observed_lower_than_null,0.0,0.0
R1,WORK,WORK,OBA,21,100000,928.0,1.1011629545180306e-15,0.99536,1.9856723450186467e-49,-0.9991161904761904,large; observed_lower_than_null,1.1012969978680684e-15,2.000602212274426e-49
R1,WORK,WORK,PHM,25,100000,325.0,2.4241398447552856e-18,0.99675,1.2534702191518694e-62,-0.99974,large; observed_lower_than_null,2.46296339057095e-18,1.2821756440179426e-62
R1,WORK,WORK,PHP,104,100000,2234.0,5.3968315416926254e-70,0.9868546153846154,4.502491822116054e-196,-0.9995703846153846,large; observed_lower_than_null,7.268356595752164e-70,5.691829284561804e-196
R1,WORK,WORK,PRO,915,100000,13722.0,0.0,0.99194131147541,0.0,-0.9997000655737704,large; observed_lower_than_null,0.0,0.0
R1,WORK,WORK,PSA,2461,100000,94560.0,0.0,0.9857468833807396,0.0,-0.9992315318976026,large; observed_lower_than_null,0.0,0.0
R1,WORK,WORK,REV,404,100000,2675.0,1.0192945681887068e-264,0.99929,0.0,-0.9998675742574258,large; observed_lower_than_null,2.2029914860852695e-264,0.0
R1,WORK,WORK,ROM,433,100000,3062.0,1.857245914824368e-283,0.9943605311778292,0.0,-0.9998585681293304,large; observed_lower_than_null,4.290878492870091e-283,0.0
R1,WORK,WORK,RUT,85,100000,1648.0,1.300912823337952e-57,0.9880352941176472,8.369553857834598e-164,-0.9996122352941176,large; observed_lower_than_null,1.6445501728989207e-57,1.0103785738286811e-163
R1,WORK,WORK,SNG,117,100000,3239.0,1.9185034750399248e-78,0.99846,0.0,-0.9994463247863248,large; observed_lower_than_null,2.948505675295261e-78,0.0
R1,WORK,WORK,TIT,46,100000,128.0,3.794028783199034e-32,0.99872,1.7087896287335254e-133,-0.999944347826087,large; observed_lower_than_null,4.040772336754554e-32,1.8923785971098544e-133
R1,WORK,WORK,ZEC,211,100000,8261.0,1.785011607755866e-139,0.992640663507109,0.0,-0.9992169668246446,large; observed_lower_than_null,3.2323183167471086e-139,0.0
R1,WORK,WORK,ZEP,53,100000,0.0,9.769416331052568e-37,1.0,0.0,-1.0,large; observed_lower_than_null,1.1094082952212237e-36,0.0
R1,WORK_GROUP,WORK_GROUP,NT_SHARED,7957,100000,296848.0,0.0,0.9943897348246828,0.0,-0.9992538695488248,large; observed_lower_than_null,0.0,0.0
R1,WORK_GROUP,WORK_GROUP,OT_SHARED,23145,100000,318387.0,0.0,0.9945039122920718,0.0,-0.9997248762151651,large; observed_lower_than_null,0.0,0.0
R1,CANON,CANON,ALL_SHARED,31102,100000,570400.0,0.0,0.994682620410263,0.0,-0.9996332068677256,large; observed_lower_than_null,0.0,0.0
