work_code,work_name,work_group,work_order_left,work_order_right,chapter_count_left,chapter_count_right,present_in_left,present_in_right,scope_class,work_group_scope,shared_work_flag,exclusive_left_flag
GEN,Genesis,OT,1,1.0,50,50.0,True,True,SHARED,OT_SHARED,True,False
EXO,Exodus,OT,2,2.0,40,40.0,True,True,SHARED,OT_SHARED,True,False
LEV,Leviticus,OT,3,3.0,27,27.0,True,True,SHARED,OT_SHARED,True,False
NUM,Numbers,OT,4,4.0,36,36.0,True,True,SHARED,OT_SHARED,True,False
DEU,Deuteronomy,OT,5,5.0,34,34.0,True,True,SHARED,OT_SHARED,True,False
JOS,Joshua,OT,6,6.0,24,24.0,True,True,SHARED,OT_SHARED,True,False
JDG,Judges,OT,7,7.0,21,21.0,True,True,SHARED,OT_SHARED,True,False
RUT,Ruth,OT,8,8.0,4,4.0,True,True,SHARED,OT_SHARED,True,False
1SA,1Samuel,OT,9,9.0,31,31.0,True,True,SHARED,OT_SHARED,True,False
2SA,2Samuel,OT,10,10.0,24,24.0,True,True,SHARED,OT_SHARED,True,False
1KI,1Kings,OT,11,11.0,22,22.0,True,True,SHARED,OT_SHARED,True,False
2KI,2Kings,OT,12,12.0,25,25.0,True,True,SHARED,OT_SHARED,True,False
1CH,1Chronicles,OT,13,13.0,29,29.0,True,True,SHARED,OT_SHARED,True,False
2CH,2Chronicles,OT,14,14.0,36,36.0,True,True,SHARED,OT_SHARED,True,False
EZR,Ezra,OT,15,15.0,10,10.0,True,True,SHARED,OT_SHARED,True,False
NEH,Nehemiah,OT,16,16.0,13,13.0,True,True,SHARED,OT_SHARED,True,False
EST,Esther,OT,17,17.0,10,10.0,True,True,SHARED,OT_SHARED,True,False
JOB,Job,OT,18,18.0,42,42.0,True,True,SHARED,OT_SHARED,True,False
PSA,Psalms,OT,19,19.0,150,150.0,True,True,SHARED,OT_SHARED,True,False
PRO,Proverbs,OT,20,20.0,31,31.0,True,True,SHARED,OT_SHARED,True,False
ECC,Ecclesiastes,OT,21,21.0,12,12.0,True,True,SHARED,OT_SHARED,True,False
SNG,SongofSolomon,OT,22,22.0,8,8.0,True,True,SHARED,OT_SHARED,True,False
ISA,Isaiah,OT,23,23.0,66,66.0,True,True,SHARED,OT_SHARED,True,False
JER,Jeremiah,OT,24,24.0,52,52.0,True,True,SHARED,OT_SHARED,True,False
LAM,Lamentations,OT,25,25.0,5,5.0,True,True,SHARED,OT_SHARED,True,False
EZE,Ezekiel,OT,26,26.0,48,48.0,True,True,SHARED,OT_SHARED,True,False
DAN,Daniel,OT,27,27.0,12,12.0,True,True,SHARED,OT_SHARED,True,False
HOS,Hosea,OT,28,28.0,14,14.0,True,True,SHARED,OT_SHARED,True,False
JOE,Joel,OT,29,29.0,3,3.0,True,True,SHARED,OT_SHARED,True,False
AMO,Amos,OT,30,30.0,9,9.0,True,True,SHARED,OT_SHARED,True,False
OBA,Obadiah,OT,31,31.0,1,1.0,True,True,SHARED,OT_SHARED,True,False
JON,Jonah,OT,32,32.0,4,4.0,True,True,SHARED,OT_SHARED,True,False
MIC,Micah,OT,33,33.0,7,7.0,True,True,SHARED,OT_SHARED,True,False
NAH,Nahum,OT,34,34.0,3,3.0,True,True,SHARED,OT_SHARED,True,False
HAB,Habakkuk,OT,35,35.0,3,3.0,True,True,SHARED,OT_SHARED,True,False
ZEP,Zephaniah,OT,36,36.0,3,3.0,True,True,SHARED,OT_SHARED,True,False
HAG,Haggai,OT,37,37.0,2,2.0,True,True,SHARED,OT_SHARED,True,False
ZEC,Zechariah,OT,38,38.0,14,14.0,True,True,SHARED,OT_SHARED,True,False
MAL,Malachi,OT,39,39.0,4,4.0,True,True,SHARED,OT_SHARED,True,False
1ESD,1Esdras,APO,40,,9,,True,False,EXCLUSIVE_LEFT,EXCLUSIVE_LEFT,False,True
2ESD,2Esdras,APO,41,,16,,True,False,EXCLUSIVE_LEFT,EXCLUSIVE_LEFT,False,True
TOB,Tobit,APO,42,,14,,True,False,EXCLUSIVE_LEFT,EXCLUSIVE_LEFT,False,True
JDT,Judith,APO,43,,16,,True,False,EXCLUSIVE_LEFT,EXCLUSIVE_LEFT,False,True
ADDESTH,AdditionstoEsther,APO,44,,7,,True,False,EXCLUSIVE_LEFT,EXCLUSIVE_LEFT,False,True
WISD,WisdomofSolomon,APO,45,,19,,True,False,EXCLUSIVE_LEFT,EXCLUSIVE_LEFT,False,True
SIR,Ecclesiasticus,APO,46,,51,,True,False,EXCLUSIVE_LEFT,EXCLUSIVE_LEFT,False,True
BAR,Baruch,APO,47,,5,,True,False,EXCLUSIVE_LEFT,EXCLUSIVE_LEFT,False,True
LJE,LetterofJeremiah,APO,48,,1,,True,False,EXCLUSIVE_LEFT,EXCLUSIVE_LEFT,False,True
PRAZAR,PrayerofAzariah,APO,49,,1,,True,False,EXCLUSIVE_LEFT,EXCLUSIVE_LEFT,False,True
SUS,Susanna,APO,50,,1,,True,False,EXCLUSIVE_LEFT,EXCLUSIVE_LEFT,False,True
BEL,BelandtheDragon,APO,51,,1,,True,False,EXCLUSIVE_LEFT,EXCLUSIVE_LEFT,False,True
PRMAN,PrayerofManasseh,APO,52,,1,,True,False,EXCLUSIVE_LEFT,EXCLUSIVE_LEFT,False,True
1MACC,1Maccabees,APO,53,,16,,True,False,EXCLUSIVE_LEFT,EXCLUSIVE_LEFT,False,True
2MACC,2Maccabees,APO,54,,15,,True,False,EXCLUSIVE_LEFT,EXCLUSIVE_LEFT,False,True
MAT,Matthew,NT,55,40.0,28,28.0,True,True,SHARED,NT_SHARED,True,False
MRK,Mark,NT,56,41.0,16,16.0,True,True,SHARED,NT_SHARED,True,False
LUK,Luke,NT,57,42.0,24,24.0,True,True,SHARED,NT_SHARED,True,False
JHN,John,NT,58,43.0,21,21.0,True,True,SHARED,NT_SHARED,True,False
ACT,Acts,NT,59,44.0,28,28.0,True,True,SHARED,NT_SHARED,True,False
ROM,Romans,NT,60,45.0,16,16.0,True,True,SHARED,NT_SHARED,True,False
1CO,1Corinthians,NT,61,46.0,16,16.0,True,True,SHARED,NT_SHARED,True,False
2CO,2Corinthians,NT,62,47.0,13,13.0,True,True,SHARED,NT_SHARED,True,False
GAL,Galatians,NT,63,48.0,6,6.0,True,True,SHARED,NT_SHARED,True,False
EPH,Ephesians,NT,64,49.0,6,6.0,True,True,SHARED,NT_SHARED,True,False
PHP,Philippians,NT,65,50.0,4,4.0,True,True,SHARED,NT_SHARED,True,False
COL,Colossians,NT,66,51.0,4,4.0,True,True,SHARED,NT_SHARED,True,False
1TH,1Thessalonians,NT,67,52.0,5,5.0,True,True,SHARED,NT_SHARED,True,False
2TH,2Thessalonians,NT,68,53.0,3,3.0,True,True,SHARED,NT_SHARED,True,False
1TI,1Timothy,NT,69,54.0,6,6.0,True,True,SHARED,NT_SHARED,True,False
2TI,2Timothy,NT,70,55.0,4,4.0,True,True,SHARED,NT_SHARED,True,False
TIT,Titus,NT,71,56.0,3,3.0,True,True,SHARED,NT_SHARED,True,False
PHM,Philemon,NT,72,57.0,1,1.0,True,True,SHARED,NT_SHARED,True,False
HEB,Hebrews,NT,73,58.0,13,13.0,True,True,SHARED,NT_SHARED,True,False
JAS,James,NT,74,59.0,5,5.0,True,True,SHARED,NT_SHARED,True,False
1PE,1Peter,NT,75,60.0,5,5.0,True,True,SHARED,NT_SHARED,True,False
2PE,2Peter,NT,76,61.0,3,3.0,True,True,SHARED,NT_SHARED,True,False
1JN,1John,NT,77,62.0,5,5.0,True,True,SHARED,NT_SHARED,True,False
2JN,2John,NT,78,63.0,1,1.0,True,True,SHARED,NT_SHARED,True,False
3JN,3John,NT,79,64.0,1,1.0,True,True,SHARED,NT_SHARED,True,False
JUD,Jude,NT,80,65.0,1,1.0,True,True,SHARED,NT_SHARED,True,False
REV,Revelation,NT,81,66.0,22,22.0,True,True,SHARED,NT_SHARED,True,False
