scope_type,scope_name,representation,n,median_drift,mad_drift,p95_drift,p99_drift,mean_drift,std_drift,min_drift,max_drift,cssi,tsi_p95,tsi_p99
CANON,ALL_SHARED,R0,31102,0.05915852562468393,0.03143746455595686,0.17181062628107222,0.24717333708846714,0.07063210942334772,0.05333584948817083,0.0,0.5350452401879036,0.9408414743753161,0.8281893737189278,0.7528266629115329
CANON,ALL_SHARED,R1,31102,0.05915852562468393,0.03143746455595686,0.17181062628107222,0.24717333708846714,0.07063210942334772,0.05333584948817083,0.0,0.5350452401879036,0.9408414743753161,0.8281893737189278,0.7528266629115329
WORK_GROUP,OT_SHARED,R0,23145,0.05886522499131441,0.03088771943967561,0.17066544453668936,0.24190944206578158,0.070218975391831,0.05239619116147017,0.0,0.5034481012215494,0.9411347750086856,0.8293345554633107,0.7580905579342184
WORK_GROUP,OT_SHARED,R1,23145,0.05886522499131441,0.03088771943967561,0.17066544453668936,0.24190944206578158,0.070218975391831,0.05239619116147017,0.0,0.5034481012215494,0.9411347750086856,0.8293345554633107,0.7580905579342184
WORK_GROUP,NT_SHARED,R0,7957,0.060094775867548966,0.032910859621205324,0.17730255017752733,0.25648085558817113,0.0718338169964851,0.0559621598331005,0.0,0.5350452401879036,0.939905224132451,0.8226974498224726,0.7435191444118289
WORK_GROUP,NT_SHARED,R1,7957,0.060094775867548966,0.032910859621205324,0.17730255017752733,0.25648085558817113,0.0718338169964851,0.0559621598331005,0.0,0.5350452401879036,0.939905224132451,0.8226974498224726,0.7435191444118289
CANON,EXCLUSIVE_LEFT,R0,0,,,,,,,,,,,
CANON,EXCLUSIVE_LEFT,R1,0,,,,,,,,,,,
WORK,1CH,R0,942,0.0819292113116305,0.03934214423627769,0.1958660090019126,0.2568844066016262,0.09040042186442392,0.05964308205525496,0.0,0.4119994843706315,0.9180707886883694,0.8041339909980874,0.7431155933983737
WORK,1CH,R1,942,0.0819292113116305,0.03934214423627769,0.1958660090019126,0.2568844066016262,0.09040042186442392,0.05964308205525496,0.0,0.4119994843706315,0.9180707886883694,0.8041339909980874,0.7431155933983737
WORK,1CO,R0,437,0.04792351691674468,0.0276103713919702,0.16026592009660212,0.27499385274195665,0.060647937681739095,0.05195119076400965,0.0,0.3435395785092853,0.9520764830832553,0.8397340799033979,0.7250061472580434
WORK,1CO,R1,437,0.04792351691674468,0.0276103713919702,0.16026592009660212,0.27499385274195665,0.060647937681739095,0.05195119076400965,0.0,0.3435395785092853,0.9520764830832553,0.8397340799033979,0.7250061472580434
WORK,1JN,R0,105,0.08074298700686466,0.035250478209732594,0.20096847270397594,0.2177941649094253,0.09135118826117493,0.05619539284452486,0.0011891815551853258,0.2813481402701943,0.9192570129931353,0.799031527296024,0.7822058350905747
WORK,1JN,R1,105,0.08074298700686466,0.035250478209732594,0.20096847270397594,0.2177941649094253,0.09135118826117493,0.05619539284452486,0.0011891815551853258,0.2813481402701943,0.9192570129931353,0.799031527296024,0.7822058350905747
WORK,1KI,R0,816,0.06070674127055653,0.028117401165899114,0.14716978632560868,0.21342384911980392,0.06852169655644795,0.04434274452056754,0.0,0.26186910879406045,0.9392932587294435,0.8528302136743913,0.7865761508801961
WORK,1KI,R1,816,0.06070674127055653,0.028117401165899114,0.14716978632560868,0.21342384911980392,0.06852169655644795,0.04434274452056754,0.0,0.26186910879406045,0.9392932587294435,0.8528302136743913,0.7865761508801961
WORK,1PE,R0,105,0.05511734887761188,0.024288547154388995,0.15087436351886152,0.1950868502873471,0.06562425192289088,0.0434251474623763,1.1102230246251565e-16,0.20135955523653204,0.9448826511223881,0.8491256364811385,0.8049131497126529
WORK,1PE,R1,105,0.05511734887761188,0.024288547154388995,0.15087436351886152,0.1950868502873471,0.06562425192289088,0.0434251474623763,1.1102230246251565e-16,0.20135955523653204,0.9448826511223881,0.8491256364811385,0.8049131497126529
WORK,1SA,R0,810,0.0654429415941209,0.03680948103585058,0.19399527329164443,0.25431002352598037,0.08054340586522872,0.05871533149378821,0.0,0.32434169043108063,0.9345570584058791,0.8060047267083555,0.7456899764740197
WORK,1SA,R1,810,0.0654429415941209,0.03680948103585058,0.19399527329164443,0.25431002352598037,0.08054340586522872,0.05871533149378821,0.0,0.32434169043108063,0.9345570584058791,0.8060047267083555,0.7456899764740197
WORK,1TH,R0,89,0.06958958150512606,0.02936512129936608,0.17779621785381156,0.31145887781786163,0.07884509508460086,0.06930060516261645,0.010406636384077683,0.5123821549303869,0.9304104184948739,0.8222037821461885,0.6885411221821384
WORK,1TH,R1,89,0.06958958150512606,0.02936512129936608,0.17779621785381156,0.31145887781786163,0.07884509508460086,0.06930060516261645,0.010406636384077683,0.5123821549303869,0.9304104184948739,0.8222037821461885,0.6885411221821384
WORK,1TI,R0,113,0.04883181383949409,0.0266526626967295,0.1381268719093453,0.24398724463200283,0.057915153388196666,0.04824641413421969,0.0,0.2532833339454392,0.9511681861605059,0.8618731280906546,0.7560127553679972
WORK,1TI,R1,113,0.04883181383949409,0.0266526626967295,0.1381268719093453,0.24398724463200283,0.057915153388196666,0.04824641413421969,0.0,0.2532833339454392,0.9511681861605059,0.8618731280906546,0.7560127553679972
WORK,2CH,R0,822,0.06473665559904501,0.029044935593343646,0.16080235721880257,0.21569922113950152,0.07275763671812138,0.04662881608574734,0.0,0.2858025425911025,0.935263344400955,0.8391976427811975,0.7843007788604985
WORK,2CH,R1,822,0.06473665559904501,0.029044935593343646,0.16080235721880257,0.21569922113950152,0.07275763671812138,0.04662881608574734,0.0,0.2858025425911025,0.935263344400955,0.8391976427811975,0.7843007788604985
WORK,2CO,R0,257,0.05616683804415867,0.029572886654550157,0.17651569171753645,0.2574882529560191,0.06949460029769965,0.05486963962721777,0.0,0.27430281793159605,0.9438331619558413,0.8234843082824636,0.7425117470439808
WORK,2CO,R1,257,0.05616683804415867,0.029572886654550157,0.17651569171753645,0.2574882529560191,0.06949460029769965,0.05486963962721777,0.0,0.27430281793159605,0.9438331619558413,0.8234843082824636,0.7425117470439808
WORK,2JN,R0,13,0.09179513000229655,0.03850661050007975,0.2200784193920886,0.25726491123301964,0.09895121506750783,0.06747423393432767,0.0,0.26656153419325246,0.9082048699977034,0.7799215806079114,0.7427350887669804
WORK,2JN,R1,13,0.09179513000229655,0.03850661050007975,0.2200784193920886,0.25726491123301964,0.09895121506750783,0.06747423393432767,0.0,0.26656153419325246,0.9082048699977034,0.7799215806079114,0.7427350887669804
WORK,2KI,R0,719,0.059807846315606095,0.028406406667329964,0.15748815517806145,0.20422831054959262,0.068835598064755,0.04626027811510795,0.0,0.30596541958752443,0.9401921536843939,0.8425118448219385,0.7957716894504074
WORK,2KI,R1,719,0.059807846315606095,0.028406406667329964,0.15748815517806145,0.20422831054959262,0.068835598064755,0.04626027811510795,0.0,0.30596541958752443,0.9401921536843939,0.8425118448219385,0.7957716894504074
WORK,2PE,R0,61,0.06666334750428193,0.0283098732982221,0.16402850422717685,0.23355901677234844,0.07421720738901272,0.04888618499572349,0.0036378925442954735,0.234970415444419,0.9333366524957181,0.8359714957728231,0.7664409832276515
WORK,2PE,R1,61,0.06666334750428193,0.0283098732982221,0.16402850422717685,0.23355901677234844,0.07421720738901272,0.04888618499572349,0.0036378925442954735,0.234970415444419,0.9333366524957181,0.8359714957728231,0.7664409832276515
WORK,2SA,R0,695,0.07802694030987867,0.04106385144412339,0.2042033708550034,0.2628056201398644,0.08992297881448141,0.05906418635386146,0.0,0.3299318407727513,0.9219730596901213,0.7957966291449966,0.7371943798601356
WORK,2SA,R1,695,0.07802694030987867,0.04106385144412339,0.2042033708550034,0.2628056201398644,0.08992297881448141,0.05906418635386146,0.0,0.3299318407727513,0.9219730596901213,0.7957966291449966,0.7371943798601356
WORK,2TH,R0,47,0.06854822066021093,0.030601705441361315,0.16731749544976343,0.24577123048880894,0.07978537560997717,0.05505274625214348,0.008130890143065783,0.28833725340290184,0.9314517793397891,0.8326825045502366,0.7542287695111911
WORK,2TH,R1,47,0.06854822066021093,0.030601705441361315,0.16731749544976343,0.24577123048880894,0.07978537560997717,0.05505274625214348,0.008130890143065783,0.28833725340290184,0.9314517793397891,0.8326825045502366,0.7542287695111911
WORK,2TI,R0,83,0.05765182162348281,0.027174605548068498,0.14674308958366908,0.22901268813308923,0.07079858061717974,0.06120905928835171,2.220446049250313e-16,0.4668320700103119,0.9423481783765172,0.8532569104163309,0.7709873118669108
WORK,2TI,R1,83,0.05765182162348281,0.027174605548068498,0.14674308958366908,0.22901268813308923,0.07079858061717974,0.06120905928835171,2.220446049250313e-16,0.4668320700103119,0.9423481783765172,0.8532569104163309,0.7709873118669108
WORK,3JN,R0,14,0.06272423874352046,0.03030787427529802,0.14451922292807673,0.16038317924326903,0.074859126131006,0.04366621161038202,0.02122497834144299,0.16434916832206714,0.9372757612564795,0.8554807770719233,0.8396168207567309
WORK,3JN,R1,14,0.06272423874352046,0.03030787427529802,0.14451922292807673,0.16038317924326903,0.074859126131006,0.04366621161038202,0.02122497834144299,0.16434916832206714,0.9372757612564795,0.8554807770719233,0.8396168207567309
WORK,ACT,R0,1007,0.054692006677398486,0.031062667845359826,0.16220075142900917,0.24077479580499714,0.06553573696081483,0.051903680998058276,0.0,0.33661664441133754,0.9453079933226015,0.8377992485709909,0.7592252041950028
WORK,ACT,R1,1007,0.054692006677398486,0.031062667845359826,0.16220075142900917,0.24077479580499714,0.06553573696081483,0.051903680998058276,0.0,0.33661664441133754,0.9453079933226015,0.8377992485709909,0.7592252041950028
WORK,AMO,R0,146,0.05849756095268982,0.026946563058018957,0.16341552510313498,0.23099421360956718,0.07190634714674236,0.050211703121042506,0.00048364087462504646,0.26282067241144236,0.9415024390473101,0.836584474896865,0.7690057863904328
WORK,AMO,R1,146,0.05849756095268982,0.026946563058018957,0.16341552510313498,0.23099421360956718,0.07190634714674236,0.050211703121042506,0.00048364087462504646,0.26282067241144236,0.9415024390473101,0.836584474896865,0.7690057863904328
WORK,COL,R0,95,0.048019912270228504,0.0259857900174858,0.13800648103608204,0.2730871053769968,0.060588101038740065,0.05438856704680767,0.0,0.327774974880342,0.9519800877297715,0.861993518963918,0.7269128946230032
WORK,COL,R1,95,0.048019912270228504,0.0259857900174858,0.13800648103608204,0.2730871053769968,0.060588101038740065,0.05438856704680767,0.0,0.327774974880342,0.9519800877297715,0.861993518963918,0.7269128946230032
WORK,DAN,R0,357,0.049481360093336146,0.02188147199991286,0.1564706148641274,0.22305995176213625,0.060785783621701624,0.04522130422627289,0.0,0.2854073144041377,0.9505186399066639,0.8435293851358726,0.7769400482378638
WORK,DAN,R1,357,0.049481360093336146,0.02188147199991286,0.1564706148641274,0.22305995176213625,0.060785783621701624,0.04522130422627289,0.0,0.2854073144041377,0.9505186399066639,0.8435293851358726,0.7769400482378638
WORK,DEU,R0,959,0.0522215391599139,0.027485849942105234,0.15826899726936305,0.22777366066766874,0.0640266001113776,0.050756632048647644,0.0,0.49177265043477303,0.9477784608400861,0.841731002730637,0.7722263393323312
WORK,DEU,R1,959,0.0522215391599139,0.027485849942105234,0.15826899726936305,0.22777366066766874,0.0640266001113776,0.050756632048647644,0.0,0.49177265043477303,0.9477784608400861,0.841731002730637,0.7722263393323312
WORK,ECC,R0,222,0.07150933614493132,0.038286106811001475,0.18795182361661344,0.24629264411617546,0.08580945169984962,0.057935560503068514,0.0,0.26587153797600105,0.9284906638550687,0.8120481763833866,0.7537073558838245
WORK,ECC,R1,222,0.07150933614493132,0.038286106811001475,0.18795182361661344,0.24629264411617546,0.08580945169984962,0.057935560503068514,0.0,0.26587153797600105,0.9284906638550687,0.8120481763833866,0.7537073558838245
WORK,EPH,R0,155,0.05743596089950953,0.02985422116015557,0.20293105921546728,0.3000571320932129,0.07254134816821689,0.06299134102735894,0.0,0.36058112964711087,0.9425640391004905,0.7970689407845327,0.6999428679067872
WORK,EPH,R1,155,0.05743596089950953,0.02985422116015557,0.20293105921546728,0.3000571320932129,0.07254134816821689,0.06299134102735894,0.0,0.36058112964711087,0.9425640391004905,0.7970689407845327,0.6999428679067872
WORK,EST,R0,167,0.052476763686392425,0.025711004107722868,0.155955053094019,0.2106098417089447,0.06416296933884658,0.046192253444860366,0.0,0.21539063191300145,0.9475232363136076,0.844044946905981,0.7893901582910553
WORK,EST,R1,167,0.052476763686392425,0.025711004107722868,0.155955053094019,0.2106098417089447,0.06416296933884658,0.046192253444860366,0.0,0.21539063191300145,0.9475232363136076,0.844044946905981,0.7893901582910553
WORK,EXO,R0,1213,0.05166435828552185,0.026391390116483282,0.14581377128884387,0.2061688329235183,0.06161975087553066,0.04541221995733797,0.0,0.3164479492117608,0.9483356417144782,0.8541862287111561,0.7938311670764817
WORK,EXO,R1,1213,0.05166435828552185,0.026391390116483282,0.14581377128884387,0.2061688329235183,0.06161975087553066,0.04541221995733797,0.0,0.3164479492117608,0.9483356417144782,0.8541862287111561,0.7938311670764817
WORK,EZE,R0,1273,0.05226969370388279,0.0257866525301802,0.14662004535767445,0.19772931495750676,0.06092620859869774,0.04274454411682132,0.0,0.25368985419308065,0.9477303062961172,0.8533799546423255,0.8022706850424932
WORK,EZE,R1,1273,0.05226969370388279,0.0257866525301802,0.14662004535767445,0.19772931495750676,0.06092620859869774,0.04274454411682132,0.0,0.25368985419308065,0.9477303062961172,0.8533799546423255,0.8022706850424932
WORK,EZR,R0,280,0.06984769505440602,0.03410392749727498,0.19370903612196233,0.2643609161924914,0.08139114916056932,0.05812858006050005,0.0,0.35317736232263364,0.930152304945594,0.8062909638780377,0.7356390838075086
WORK,EZR,R1,280,0.06984769505440602,0.03410392749727498,0.19370903612196233,0.2643609161924914,0.08139114916056932,0.05812858006050005,0.0,0.35317736232263364,0.930152304945594,0.8062909638780377,0.7356390838075086
WORK,GAL,R0,149,0.05863426824524842,0.02701902330096584,0.16516658652114236,0.2616443134323326,0.06837943446559501,0.05137662968530716,0.0,0.30735069272254767,0.9413657317547516,0.8348334134788576,0.7383556865676675
WORK,GAL,R1,149,0.05863426824524842,0.02701902330096584,0.16516658652114236,0.2616443134323326,0.06837943446559501,0.05137662968530716,0.0,0.30735069272254767,0.9413657317547516,0.8348334134788576,0.7383556865676675
WORK,GEN,R0,1533,0.06608136346918425,0.035355059173463266,0.19766167922861946,0.2785225450278982,0.08013665543835827,0.061206411603479983,0.0,0.3990176275411603,0.9339186365308157,0.8023383207713806,0.7214774549721018
WORK,GEN,R1,1533,0.06608136346918425,0.035355059173463266,0.19766167922861946,0.2785225450278982,0.08013665543835827,0.061206411603479983,0.0,0.3990176275411603,0.9339186365308157,0.8023383207713806,0.7214774549721018
WORK,HAB,R0,56,0.05503171687069841,0.032903920898655736,0.15700315662783926,0.1781731462477294,0.06730329144055545,0.046399307820156346,1.1102230246251565e-16,0.19204714291179892,0.9449682831293016,0.8429968433721607,0.8218268537522706
WORK,HAB,R1,56,0.05503171687069841,0.032903920898655736,0.15700315662783926,0.1781731462477294,0.06730329144055545,0.046399307820156346,1.1102230246251565e-16,0.19204714291179892,0.9449682831293016,0.8429968433721607,0.8218268537522706
WORK,HAG,R0,38,0.07046004938006295,0.03400257776246968,0.1370613850880875,0.16183333799322372,0.06657682624642229,0.042849231094313114,0.002529833431290429,0.17161874433787527,0.9295399506199371,0.8629386149119125,0.8381666620067763
WORK,HAG,R1,38,0.07046004938006295,0.03400257776246968,0.1370613850880875,0.16183333799322372,0.06657682624642229,0.042849231094313114,0.002529833431290429,0.17161874433787527,0.9295399506199371,0.8629386149119125,0.8381666620067763
WORK,HEB,R0,303,0.05511672530311007,0.030825944748521517,0.1704570020425162,0.21427953500585703,0.06770796022860803,0.05088135643282735,0.0,0.25654696153653767,0.9448832746968899,0.8295429979574838,0.7857204649941429
WORK,HEB,R1,303,0.05511672530311007,0.030825944748521517,0.1704570020425162,0.21427953500585703,0.06770796022860803,0.05088135643282735,0.0,0.25654696153653767,0.9448832746968899,0.8295429979574838,0.7857204649941429
WORK,HOS,R0,197,0.052779998627914604,0.023055780231108658,0.1389984160707465,0.1864811853428518,0.058473628103771304,0.040153090292611125,0.0,0.22129537828249435,0.9472200013720854,0.8610015839292535,0.8135188146571481
WORK,HOS,R1,197,0.052779998627914604,0.023055780231108658,0.1389984160707465,0.1864811853428518,0.058473628103771304,0.040153090292611125,0.0,0.22129537828249435,0.9472200013720854,0.8610015839292535,0.8135188146571481
WORK,ISA,R0,1292,0.05629397074559894,0.027788840317642394,0.1556613590945488,0.2203930443072171,0.06690058578492304,0.04719388291120916,0.0,0.33196709462842067,0.9437060292544011,0.8443386409054512,0.7796069556927829
WORK,ISA,R1,1292,0.05629397074559894,0.027788840317642394,0.1556613590945488,0.2203930443072171,0.06690058578492304,0.04719388291120916,0.0,0.33196709462842067,0.9437060292544011,0.8443386409054512,0.7796069556927829
WORK,JAS,R0,108,0.05795030251984257,0.030571168328891007,0.17818028583652812,0.22986685588885708,0.06926837410618573,0.052987703074409656,0.0,0.25671740665343423,0.9420496974801574,0.8218197141634719,0.770133144111143
WORK,JAS,R1,108,0.05795030251984257,0.030571168328891007,0.17818028583652812,0.22986685588885708,0.06926837410618573,0.052987703074409656,0.0,0.25671740665343423,0.9420496974801574,0.8218197141634719,0.770133144111143
WORK,JDG,R0,618,0.057880563095976334,0.027131995481357363,0.15171731376084782,0.21092126003912615,0.06614705171770353,0.04615275742241458,0.0,0.3787934523344132,0.9421194369040237,0.8482826862391522,0.7890787399608739
WORK,JDG,R1,618,0.057880563095976334,0.027131995481357363,0.15171731376084782,0.21092126003912615,0.06614705171770353,0.04615275742241458,0.0,0.3787934523344132,0.9421194369040237,0.8482826862391522,0.7890787399608739
WORK,JER,R0,1364,0.0621951622231654,0.030874824754356434,0.15957107944869164,0.20382557332591406,0.07157625728141223,0.04746382741132445,0.0,0.3103136557230892,0.9378048377768347,0.8404289205513084,0.796174426674086
WORK,JER,R1,1364,0.0621951622231654,0.030874824754356434,0.15957107944869164,0.20382557332591406,0.07157625728141223,0.04746382741132445,0.0,0.3103136557230892,0.9378048377768347,0.8404289205513084,0.796174426674086
WORK,JHN,R0,879,0.06796042197690433,0.03534266335565284,0.19621801968426478,0.27991873882400864,0.0807415944042719,0.05982981881007175,0.0,0.43075788985716024,0.9320395780230957,0.8037819803157352,0.7200812611759914
WORK,JHN,R1,879,0.06796042197690433,0.03534266335565284,0.19621801968426478,0.27991873882400864,0.0807415944042719,0.05982981881007175,0.0,0.43075788985716024,0.9320395780230957,0.8037819803157352,0.7200812611759914
WORK,JOB,R0,1070,0.05155904586169052,0.031931516127403525,0.18792471255788573,0.2593421210617336,0.06785759604901075,0.05892989299292701,0.0,0.3431936275859985,0.9484409541383094,0.8120752874421142,0.7406578789382664
WORK,JOB,R1,1070,0.05155904586169052,0.031931516127403525,0.18792471255788573,0.2593421210617336,0.06785759604901075,0.05892989299292701,0.0,0.3431936275859985,0.9484409541383094,0.8120752874421142,0.7406578789382664
WORK,JOE,R0,73,0.05819311630209245,0.029868663594426748,0.14751931861552048,0.19535667446750427,0.07165118176998594,0.04815761242063785,2.220446049250313e-16,0.28113967255443173,0.9418068836979075,0.8524806813844795,0.8046433255324957
WORK,JOE,R1,73,0.05819311630209245,0.029868663594426748,0.14751931861552048,0.19535667446750427,0.07165118176998594,0.04815761242063785,2.220446049250313e-16,0.28113967255443173,0.9418068836979075,0.8524806813844795,0.8046433255324957
WORK,JON,R0,48,0.1001872033039009,0.055145202660440595,0.23800077500067676,0.2712075489700537,0.09917869334587494,0.06950602380632026,0.010763295151185015,0.2878114225173253,0.8998127966960991,0.7619992249993233,0.7287924510299463
WORK,JON,R1,48,0.1001872033039009,0.055145202660440595,0.23800077500067676,0.2712075489700537,0.09917869334587494,0.06950602380632026,0.010763295151185015,0.2878114225173253,0.8998127966960991,0.7619992249993233,0.7287924510299463
WORK,JOS,R0,658,0.0680885098018254,0.03861965125532535,0.20473694882669136,0.25477430682400143,0.07941599376871933,0.060809633823723896,0.0,0.3499371918114649,0.9319114901981747,0.7952630511733086,0.7452256931759986
WORK,JOS,R1,658,0.0680885098018254,0.03861965125532535,0.20473694882669136,0.25477430682400143,0.07941599376871933,0.060809633823723896,0.0,0.3499371918114649,0.9319114901981747,0.7952630511733086,0.7452256931759986
WORK,JUD,R0,25,0.06457264371899851,0.021491402005087368,0.1348018158384863,0.18120471563470253,0.07308470972662137,0.04226101255891803,0.012967867336562744,0.1955231539629565,0.9354273562810015,0.8651981841615137,0.8187952843652975
WORK,JUD,R1,25,0.06457264371899851,0.021491402005087368,0.1348018158384863,0.18120471563470253,0.07308470972662137,0.04226101255891803,0.012967867336562744,0.1955231539629565,0.9354273562810015,0.8651981841615137,0.8187952843652975
WORK,LAM,R0,154,0.0549752501082309,0.03524292742947088,0.1679356922785318,0.2938539035754291,0.07192919201528888,0.06259991549537683,0.0,0.419691661490041,0.9450247498917691,0.8320643077214682,0.7061460964245709
WORK,LAM,R1,154,0.0549752501082309,0.03524292742947088,0.1679356922785318,0.2938539035754291,0.07192919201528888,0.06259991549537683,0.0,0.419691661490041,0.9450247498917691,0.8320643077214682,0.7061460964245709
WORK,LEV,R0,859,0.04971811733256992,0.024701450009819714,0.15205785980949746,0.25369371380594263,0.06056194523081677,0.04940547046996552,0.0,0.5034481012215494,0.9502818826674301,0.8479421401905025,0.7463062861940574
WORK,LEV,R1,859,0.04971811733256992,0.024701450009819714,0.15205785980949746,0.25369371380594263,0.06056194523081677,0.04940547046996552,0.0,0.5034481012215494,0.9502818826674301,0.8479421401905025,0.7463062861940574
WORK,LUK,R0,1151,0.06500957333113133,0.037291985345972556,0.19040939707918064,0.24257500042647862,0.07697230662062611,0.05859322801134645,0.0,0.46528417106164954,0.9349904266688687,0.8095906029208193,0.7574249995735214
WORK,LUK,R1,1151,0.06500957333113133,0.037291985345972556,0.19040939707918064,0.24257500042647862,0.07697230662062611,0.05859322801134645,0.0,0.46528417106164954,0.9349904266688687,0.8095906029208193,0.7574249995735214
WORK,MAL,R0,55,0.07516091016963333,0.032119227039739795,0.16228177726661772,0.22855868258975542,0.07773511767659863,0.05056293435422643,0.0,0.2655089927954719,0.9248390898303667,0.8377182227333823,0.7714413174102446
WORK,MAL,R1,55,0.07516091016963333,0.032119227039739795,0.16228177726661772,0.22855868258975542,0.07773511767659863,0.05056293435422643,0.0,0.2655089927954719,0.9248390898303667,0.8377182227333823,0.7714413174102446
WORK,MAT,R0,1071,0.06780675145470894,0.03877035072505697,0.18967523653331164,0.25749193318002417,0.07937883494218267,0.06016293220281129,0.0,0.4950398511801868,0.9321932485452911,0.8103247634666884,0.7425080668199758
WORK,MAT,R1,1071,0.06780675145470894,0.03877035072505697,0.18967523653331164,0.25749193318002417,0.07937883494218267,0.06016293220281129,0.0,0.4950398511801868,0.9321932485452911,0.8103247634666884,0.7425080668199758
WORK,MIC,R0,105,0.05799056263466218,0.02971992099274101,0.15606063440082124,0.17695789909126988,0.07027081769721054,0.044211175531912825,0.0023608829491333916,0.18448890868934997,0.9420094373653378,0.8439393655991787,0.8230421009087301
WORK,MIC,R1,105,0.05799056263466218,0.02971992099274101,0.15606063440082124,0.17695789909126988,0.07027081769721054,0.044211175531912825,0.0023608829491333916,0.18448890868934997,0.9420094373653378,0.8439393655991787,0.8230421009087301
WORK,MRK,R0,678,0.06327463314875148,0.03645494078831707,0.18071609912531905,0.2485395579355932,0.07358141780203285,0.058514140101648945,0.0,0.5350452401879036,0.9367253668512485,0.819283900874681,0.7514604420644068
WORK,MRK,R1,678,0.06327463314875148,0.03645494078831707,0.18071609912531905,0.2485395579355932,0.07358141780203285,0.058514140101648945,0.0,0.5350452401879036,0.9367253668512485,0.819283900874681,0.7514604420644068
WORK,NAH,R0,47,0.05303248785635262,0.02400517572099692,0.1502378091804938,0.19333424284001843,0.06615590648343812,0.0461133486407563,0.00603082092214291,0.21642015953121385,0.9469675121436474,0.8497621908195062,0.8066657571599816
WORK,NAH,R1,47,0.05303248785635262,0.02400517572099692,0.1502378091804938,0.19333424284001843,0.06615590648343812,0.0461133486407563,0.00603082092214291,0.21642015953121385,0.9469675121436474,0.8497621908195062,0.8066657571599816
WORK,NEH,R0,406,0.06496140356040359,0.03240697449963714,0.1712008590080952,0.24909741604359303,0.07261701934945196,0.05372865735064926,0.0,0.3526627042425171,0.9350385964395964,0.8287991409919048,0.750902583956407
WORK,NEH,R1,406,0.06496140356040359,0.03240697449963714,0.1712008590080952,0.24909741604359303,0.07261701934945196,0.05372865735064926,0.0,0.3526627042425171,0.9350385964395964,0.8287991409919048,0.750902583956407
WORK,NUM,R0,1288,0.05458779219694121,0.029154227251470488,0.15213045045223375,0.20602723351771085,0.06481590841021329,0.046599626826272014,0.0,0.29955118203117104,0.9454122078030588,0.8478695495477663,0.7939727664822891
WORK,NUM,R1,1288,0.05458779219694121,0.029154227251470488,0.15213045045223375,0.20602723351771085,0.06481590841021329,0.046599626826272014,0.0,0.29955118203117104,0.9454122078030588,0.8478695495477663,0.7939727664822891
WORK,OBA,R0,21,0.07561436731644167,0.026625590501533236,0.181286665764272,0.19018367060564684,0.0761604300190073,0.04794867007624028,0.006139677781477726,0.19240792181599053,0.9243856326835583,0.818713334235728,0.8098163293943532
WORK,OBA,R1,21,0.07561436731644167,0.026625590501533236,0.181286665764272,0.19018367060564684,0.0761604300190073,0.04794867007624028,0.006139677781477726,0.19240792181599053,0.9243856326835583,0.818713334235728,0.8098163293943532
WORK,PHM,R0,25,0.06737675955975486,0.02724235289359933,0.13306893867103262,0.1730982465961674,0.07509989249696987,0.03954221880711986,0.01811764218289269,0.18499170401629295,0.9326232404402451,0.8669310613289674,0.8269017534038325
WORK,PHM,R1,25,0.06737675955975486,0.02724235289359933,0.13306893867103262,0.1730982465961674,0.07509989249696987,0.03954221880711986,0.01811764218289269,0.18499170401629295,0.9326232404402451,0.8669310613289674,0.8269017534038325
WORK,PHP,R0,104,0.04855786026805364,0.028627397995879378,0.17168326233411701,0.24396620998839696,0.06769995448668108,0.05616369238623865,0.0,0.2835462840559614,0.9514421397319464,0.828316737665883,0.756033790011603
WORK,PHP,R1,104,0.04855786026805364,0.028627397995879378,0.17168326233411701,0.24396620998839696,0.06769995448668108,0.05616369238623865,0.0,0.2835462840559614,0.9514421397319464,0.828316737665883,0.756033790011603
WORK,PRO,R0,915,0.0544721321861531,0.0311255078025634,0.16584069718082833,0.23656159984721314,0.06554657958184304,0.052186083610734645,0.0,0.36942409384145836,0.9455278678138469,0.8341593028191716,0.7634384001527869
WORK,PRO,R1,915,0.0544721321861531,0.0311255078025634,0.16584069718082833,0.23656159984721314,0.06554657958184304,0.052186083610734645,0.0,0.36942409384145836,0.9455278678138469,0.8341593028191716,0.7634384001527869
WORK,PSA,R0,2461,0.053897785221679095,0.03032779860660595,0.17208940790000682,0.2517472342683223,0.06629689347058021,0.05408303016164977,0.0,0.4005434411102129,0.9461022147783209,0.8279105920999932,0.7482527657316778
WORK,PSA,R1,2461,0.053897785221679095,0.03032779860660595,0.17208940790000682,0.2517472342683223,0.06629689347058021,0.05408303016164977,0.0,0.4005434411102129,0.9461022147783209,0.8279105920999932,0.7482527657316778
WORK,REV,R0,404,0.05078898631683265,0.02751933701038023,0.13479825281579408,0.16801609351703686,0.058652672659732764,0.04039693806784319,0.0,0.19996261366029155,0.9492110136831673,0.865201747184206,0.8319839064829632
WORK,REV,R1,404,0.05078898631683265,0.02751933701038023,0.13479825281579408,0.16801609351703686,0.058652672659732764,0.04039693806784319,0.0,0.19996261366029155,0.9492110136831673,0.865201747184206,0.8319839064829632
WORK,ROM,R0,433,0.055315436203204116,0.027762378928480547,0.15601248132512754,0.2309266196192162,0.06415007269987427,0.04913090121511265,0.0,0.3068300332650655,0.9446845637967959,0.8439875186748724,0.7690733803807838
WORK,ROM,R1,433,0.055315436203204116,0.027762378928480547,0.15601248132512754,0.2309266196192162,0.06415007269987427,0.04913090121511265,0.0,0.3068300332650655,0.9446845637967959,0.8439875186748724,0.7690733803807838
WORK,RUT,R0,85,0.05115913343034306,0.022926588188594055,0.11905681119175927,0.18975952732369722,0.05554519333357797,0.038818709244134,0.002724474823108891,0.2636929655673068,0.9488408665696569,0.8809431888082407,0.8102404726763028
WORK,RUT,R1,85,0.05115913343034306,0.022926588188594055,0.11905681119175927,0.18975952732369722,0.05554519333357797,0.038818709244134,0.002724474823108891,0.2636929655673068,0.9488408665696569,0.8809431888082407,0.8102404726763028
WORK,SNG,R0,117,0.06793377033221648,0.029590584389741492,0.16319266334489782,0.22174452372462258,0.07617440741886608,0.04849851993558257,0.003630618612618375,0.23316713053853255,0.9320662296677835,0.8368073366551022,0.7782554762753774
WORK,SNG,R1,117,0.06793377033221648,0.029590584389741492,0.16319266334489782,0.22174452372462258,0.07617440741886608,0.04849851993558257,0.003630618612618375,0.23316713053853255,0.9320662296677835,0.8368073366551022,0.7782554762753774
WORK,TIT,R0,46,0.052521885669503,0.024228198249202137,0.14974257924192347,0.2131741064930451,0.061287967452305955,0.04512542213523242,0.0035142368927117973,0.22989590975799834,0.947478114330497,0.8502574207580765,0.7868258935069549
WORK,TIT,R1,46,0.052521885669503,0.024228198249202137,0.14974257924192347,0.2131741064930451,0.061287967452305955,0.04512542213523242,0.0035142368927117973,0.22989590975799834,0.947478114330497,0.8502574207580765,0.7868258935069549
WORK,ZEC,R0,211,0.061953613495860926,0.03725624715855802,0.1701784058121591,0.19791179141217077,0.07445691494495003,0.05146769179039112,0.0,0.2666588992038751,0.9380463865041391,0.8298215941878408,0.8020882085878293
WORK,ZEC,R1,211,0.061953613495860926,0.03725624715855802,0.1701784058121591,0.19791179141217077,0.07445691494495003,0.05146769179039112,0.0,0.2666588992038751,0.9380463865041391,0.8298215941878408,0.8020882085878293
WORK,ZEP,R0,53,0.057799863869099966,0.029940416491203603,0.1354181251902889,0.14592086280193342,0.061927285752454105,0.039404037764280496,0.009104364600344472,0.14632554106635443,0.9422001361309,0.8645818748097112,0.8540791371980666
WORK,ZEP,R1,53,0.057799863869099966,0.029940416491203603,0.1354181251902889,0.14592086280193342,0.061927285752454105,0.039404037764280496,0.009104364600344472,0.14632554106635443,0.9422001361309,0.8645818748097112,0.8540791371980666
