scope_type,scope_name,representation,n,median_drift,mad_drift,p95_drift,p99_drift,threshold_primary,threshold_secondary,threshold_source,small_sample_flag,mad_zero_flag,percentile_method
CANON,ALL_SHARED,R0,31102,0.0591585256246839,0.0314374645559568,0.1718106262810722,0.2471733370884671,0.2471733370884671,0.1718106262810722,CANON,False,False,HF_TYPE_7
CANON,ALL_SHARED,R1,31102,0.0591585256246839,0.0314374645559568,0.1718106262810722,0.2471733370884671,0.2471733370884671,0.1718106262810722,CANON,False,False,HF_TYPE_7
WORK_GROUP,OT_SHARED,R0,23145,0.0588652249913144,0.0308877194396756,0.1706654445366893,0.2419094420657815,0.2419094420657815,0.1706654445366893,WORK_GROUP,False,False,HF_TYPE_7
WORK_GROUP,OT_SHARED,R1,23145,0.0588652249913144,0.0308877194396756,0.1706654445366893,0.2419094420657815,0.2419094420657815,0.1706654445366893,WORK_GROUP,False,False,HF_TYPE_7
WORK_GROUP,NT_SHARED,R0,7957,0.0600947758675489,0.0329108596212053,0.1773025501775273,0.2564808555881711,0.2564808555881711,0.1773025501775273,WORK_GROUP,False,False,HF_TYPE_7
WORK_GROUP,NT_SHARED,R1,7957,0.0600947758675489,0.0329108596212053,0.1773025501775273,0.2564808555881711,0.2564808555881711,0.1773025501775273,WORK_GROUP,False,False,HF_TYPE_7
CANON,EXCLUSIVE_LEFT,R0,0,,,,,,,CANON,True,False,HF_TYPE_7
CANON,EXCLUSIVE_LEFT,R1,0,,,,,,,CANON,True,False,HF_TYPE_7
WORK,1CH,R0,942,0.0819292113116305,0.0393421442362776,0.1958660090019126,0.2568844066016262,0.2568844066016262,0.1958660090019126,WORK,False,False,HF_TYPE_7
WORK,1CH,R1,942,0.0819292113116305,0.0393421442362776,0.1958660090019126,0.2568844066016262,0.2568844066016262,0.1958660090019126,WORK,False,False,HF_TYPE_7
WORK,1CO,R0,437,0.0479235169167446,0.0276103713919702,0.1602659200966021,0.2749938527419566,0.2749938527419566,0.1602659200966021,WORK,False,False,HF_TYPE_7
WORK,1CO,R1,437,0.0479235169167446,0.0276103713919702,0.1602659200966021,0.2749938527419566,0.2749938527419566,0.1602659200966021,WORK,False,False,HF_TYPE_7
WORK,1JN,R0,105,0.0807429870068646,0.0352504782097325,0.2009684727039759,0.2177941649094253,0.2177941649094253,0.2009684727039759,WORK,False,False,HF_TYPE_7
WORK,1JN,R1,105,0.0807429870068646,0.0352504782097325,0.2009684727039759,0.2177941649094253,0.2177941649094253,0.2009684727039759,WORK,False,False,HF_TYPE_7
WORK,1KI,R0,816,0.0607067412705565,0.0281174011658991,0.1471697863256086,0.2134238491198039,0.2134238491198039,0.1471697863256086,WORK,False,False,HF_TYPE_7
WORK,1KI,R1,816,0.0607067412705565,0.0281174011658991,0.1471697863256086,0.2134238491198039,0.2134238491198039,0.1471697863256086,WORK,False,False,HF_TYPE_7
WORK,1PE,R0,105,0.0551173488776118,0.0242885471543889,0.1508743635188615,0.1950868502873471,0.1950868502873471,0.1508743635188615,WORK,False,False,HF_TYPE_7
WORK,1PE,R1,105,0.0551173488776118,0.0242885471543889,0.1508743635188615,0.1950868502873471,0.1950868502873471,0.1508743635188615,WORK,False,False,HF_TYPE_7
WORK,1SA,R0,810,0.0654429415941209,0.0368094810358505,0.1939952732916444,0.2543100235259803,0.2543100235259803,0.1939952732916444,WORK,False,False,HF_TYPE_7
WORK,1SA,R1,810,0.0654429415941209,0.0368094810358505,0.1939952732916444,0.2543100235259803,0.2543100235259803,0.1939952732916444,WORK,False,False,HF_TYPE_7
WORK,1TH,R0,89,0.069589581505126,0.029365121299366,0.1777962178538115,0.3114588778178616,0.3114588778178616,0.1777962178538115,WORK,False,False,HF_TYPE_7
WORK,1TH,R1,89,0.069589581505126,0.029365121299366,0.1777962178538115,0.3114588778178616,0.3114588778178616,0.1777962178538115,WORK,False,False,HF_TYPE_7
WORK,1TI,R0,113,0.048831813839494,0.0266526626967295,0.1381268719093453,0.2439872446320028,0.2439872446320028,0.1381268719093453,WORK,False,False,HF_TYPE_7
WORK,1TI,R1,113,0.048831813839494,0.0266526626967295,0.1381268719093453,0.2439872446320028,0.2439872446320028,0.1381268719093453,WORK,False,False,HF_TYPE_7
WORK,2CH,R0,822,0.064736655599045,0.0290449355933436,0.1608023572188025,0.2156992211395015,0.2156992211395015,0.1608023572188025,WORK,False,False,HF_TYPE_7
WORK,2CH,R1,822,0.064736655599045,0.0290449355933436,0.1608023572188025,0.2156992211395015,0.2156992211395015,0.1608023572188025,WORK,False,False,HF_TYPE_7
WORK,2CO,R0,257,0.0561668380441586,0.0295728866545501,0.1765156917175364,0.2574882529560191,0.2574882529560191,0.1765156917175364,WORK,False,False,HF_TYPE_7
WORK,2CO,R1,257,0.0561668380441586,0.0295728866545501,0.1765156917175364,0.2574882529560191,0.2574882529560191,0.1765156917175364,WORK,False,False,HF_TYPE_7
WORK,2JN,R0,13,0.0917951300022965,0.0385066105000797,0.2200784193920886,0.2572649112330196,0.2073149615025356,0.18806165625249574,WORK,True,False,HF_TYPE_7
WORK,2JN,R1,13,0.0917951300022965,0.0385066105000797,0.2200784193920886,0.2572649112330196,0.2073149615025356,0.18806165625249574,WORK,True,False,HF_TYPE_7
WORK,2KI,R0,719,0.059807846315606,0.0284064066673299,0.1574881551780614,0.2042283105495926,0.2042283105495926,0.1574881551780614,WORK,False,False,HF_TYPE_7
WORK,2KI,R1,719,0.059807846315606,0.0284064066673299,0.1574881551780614,0.2042283105495926,0.2042283105495926,0.1574881551780614,WORK,False,False,HF_TYPE_7
WORK,2PE,R0,61,0.0666633475042819,0.0283098732982221,0.1640285042271768,0.2335590167723484,0.2335590167723484,0.1640285042271768,WORK,False,False,HF_TYPE_7
WORK,2PE,R1,61,0.0666633475042819,0.0283098732982221,0.1640285042271768,0.2335590167723484,0.2335590167723484,0.1640285042271768,WORK,False,False,HF_TYPE_7
WORK,2SA,R0,695,0.0780269403098786,0.0410638514441233,0.2042033708550034,0.2628056201398644,0.2628056201398644,0.2042033708550034,WORK,False,False,HF_TYPE_7
WORK,2SA,R1,695,0.0780269403098786,0.0410638514441233,0.2042033708550034,0.2628056201398644,0.2628056201398644,0.2042033708550034,WORK,False,False,HF_TYPE_7
WORK,2TH,R0,47,0.0685482206602109,0.0306017054413613,0.1673174954497634,0.2457712304888089,0.16035333698429483,0.14505248426361417,WORK,True,False,HF_TYPE_7
WORK,2TH,R1,47,0.0685482206602109,0.0306017054413613,0.1673174954497634,0.2457712304888089,0.16035333698429483,0.14505248426361417,WORK,True,False,HF_TYPE_7
WORK,2TI,R0,83,0.0576518216234828,0.0271746055480684,0.146743089583669,0.2290126881330892,0.2290126881330892,0.146743089583669,WORK,False,False,HF_TYPE_7
WORK,2TI,R1,83,0.0576518216234828,0.0271746055480684,0.146743089583669,0.2290126881330892,0.2290126881330892,0.146743089583669,WORK,False,False,HF_TYPE_7
WORK,3JN,R0,14,0.0627242387435204,0.030307874275298,0.1445192229280767,0.160383179243269,0.1536478615694144,0.1384939244317654,WORK,True,False,HF_TYPE_7
WORK,3JN,R1,14,0.0627242387435204,0.030307874275298,0.1445192229280767,0.160383179243269,0.1536478615694144,0.1384939244317654,WORK,True,False,HF_TYPE_7
WORK,ACT,R0,1007,0.0546920066773984,0.0310626678453598,0.1622007514290091,0.2407747958049971,0.2407747958049971,0.1622007514290091,WORK,False,False,HF_TYPE_7
WORK,ACT,R1,1007,0.0546920066773984,0.0310626678453598,0.1622007514290091,0.2407747958049971,0.2407747958049971,0.1622007514290091,WORK,False,False,HF_TYPE_7
WORK,AMO,R0,146,0.0584975609526898,0.0269465630580189,0.1634155251031349,0.2309942136095671,0.2309942136095671,0.1634155251031349,WORK,False,False,HF_TYPE_7
WORK,AMO,R1,146,0.0584975609526898,0.0269465630580189,0.1634155251031349,0.2309942136095671,0.2309942136095671,0.1634155251031349,WORK,False,False,HF_TYPE_7
WORK,COL,R0,95,0.0480199122702285,0.0259857900174858,0.138006481036082,0.2730871053769968,0.2730871053769968,0.138006481036082,WORK,False,False,HF_TYPE_7
WORK,COL,R1,95,0.0480199122702285,0.0259857900174858,0.138006481036082,0.2730871053769968,0.2730871053769968,0.138006481036082,WORK,False,False,HF_TYPE_7
WORK,DAN,R0,357,0.0494813600933361,0.0218814719999128,0.1564706148641274,0.2230599517621362,0.2230599517621362,0.1564706148641274,WORK,False,False,HF_TYPE_7
WORK,DAN,R1,357,0.0494813600933361,0.0218814719999128,0.1564706148641274,0.2230599517621362,0.2230599517621362,0.1564706148641274,WORK,False,False,HF_TYPE_7
WORK,DEU,R0,959,0.0522215391599139,0.0274858499421052,0.158268997269363,0.2277736606676687,0.2277736606676687,0.158268997269363,WORK,False,False,HF_TYPE_7
WORK,DEU,R1,959,0.0522215391599139,0.0274858499421052,0.158268997269363,0.2277736606676687,0.2277736606676687,0.158268997269363,WORK,False,False,HF_TYPE_7
WORK,ECC,R0,222,0.0715093361449313,0.0382861068110014,0.1879518236166134,0.2462926441161754,0.2462926441161754,0.1879518236166134,WORK,False,False,HF_TYPE_7
WORK,ECC,R1,222,0.0715093361449313,0.0382861068110014,0.1879518236166134,0.2462926441161754,0.2462926441161754,0.1879518236166134,WORK,False,False,HF_TYPE_7
WORK,EPH,R0,155,0.0574359608995095,0.0298542211601555,0.2029310592154672,0.3000571320932129,0.3000571320932129,0.2029310592154672,WORK,False,False,HF_TYPE_7
WORK,EPH,R1,155,0.0574359608995095,0.0298542211601555,0.2029310592154672,0.3000571320932129,0.3000571320932129,0.2029310592154672,WORK,False,False,HF_TYPE_7
WORK,EST,R0,167,0.0524767636863924,0.0257110041077228,0.155955053094019,0.2106098417089447,0.2106098417089447,0.155955053094019,WORK,False,False,HF_TYPE_7
WORK,EST,R1,167,0.0524767636863924,0.0257110041077228,0.155955053094019,0.2106098417089447,0.2106098417089447,0.155955053094019,WORK,False,False,HF_TYPE_7
WORK,EXO,R0,1213,0.0516643582855218,0.0263913901164832,0.1458137712888438,0.2061688329235183,0.2061688329235183,0.1458137712888438,WORK,False,False,HF_TYPE_7
WORK,EXO,R1,1213,0.0516643582855218,0.0263913901164832,0.1458137712888438,0.2061688329235183,0.2061688329235183,0.1458137712888438,WORK,False,False,HF_TYPE_7
WORK,EZE,R0,1273,0.0522696937038827,0.0257866525301802,0.1466200453576744,0.1977293149575067,0.1977293149575067,0.1466200453576744,WORK,False,False,HF_TYPE_7
WORK,EZE,R1,1273,0.0522696937038827,0.0257866525301802,0.1466200453576744,0.1977293149575067,0.1977293149575067,0.1466200453576744,WORK,False,False,HF_TYPE_7
WORK,EZR,R0,280,0.069847695054406,0.0341039274972749,0.1937090361219623,0.2643609161924914,0.2643609161924914,0.1937090361219623,WORK,False,False,HF_TYPE_7
WORK,EZR,R1,280,0.069847695054406,0.0341039274972749,0.1937090361219623,0.2643609161924914,0.2643609161924914,0.1937090361219623,WORK,False,False,HF_TYPE_7
WORK,GAL,R0,149,0.0586342682452484,0.0270190233009658,0.1651665865211423,0.2616443134323326,0.2616443134323326,0.1651665865211423,WORK,False,False,HF_TYPE_7
WORK,GAL,R1,149,0.0586342682452484,0.0270190233009658,0.1651665865211423,0.2616443134323326,0.2616443134323326,0.1651665865211423,WORK,False,False,HF_TYPE_7
WORK,GEN,R0,1533,0.0660813634691842,0.0353550591734632,0.1976616792286194,0.2785225450278982,0.2785225450278982,0.1976616792286194,WORK,False,False,HF_TYPE_7
WORK,GEN,R1,1533,0.0660813634691842,0.0353550591734632,0.1976616792286194,0.2785225450278982,0.2785225450278982,0.1976616792286194,WORK,False,False,HF_TYPE_7
WORK,HAB,R0,56,0.0550317168706984,0.0329039208986557,0.1570031566278392,0.1781731462477294,0.1781731462477294,0.1570031566278392,WORK,False,False,HF_TYPE_7
WORK,HAB,R1,56,0.0550317168706984,0.0329039208986557,0.1570031566278392,0.1781731462477294,0.1781731462477294,0.1570031566278392,WORK,False,False,HF_TYPE_7
WORK,HAG,R0,38,0.0704600493800629,0.0340025777624696,0.1370613850880875,0.1618333379932237,0.1724677826674717,0.1554664937862369,WORK,True,False,HF_TYPE_7
WORK,HAG,R1,38,0.0704600493800629,0.0340025777624696,0.1370613850880875,0.1618333379932237,0.1724677826674717,0.1554664937862369,WORK,True,False,HF_TYPE_7
WORK,HEB,R0,303,0.05511672530311,0.0308259447485215,0.1704570020425162,0.214279535005857,0.214279535005857,0.1704570020425162,WORK,False,False,HF_TYPE_7
WORK,HEB,R1,303,0.05511672530311,0.0308259447485215,0.1704570020425162,0.214279535005857,0.214279535005857,0.1704570020425162,WORK,False,False,HF_TYPE_7
WORK,HOS,R0,197,0.0527799986279146,0.0230557802311086,0.1389984160707465,0.1864811853428518,0.1864811853428518,0.1389984160707465,WORK,False,False,HF_TYPE_7
WORK,HOS,R1,197,0.0527799986279146,0.0230557802311086,0.1389984160707465,0.1864811853428518,0.1864811853428518,0.1389984160707465,WORK,False,False,HF_TYPE_7
WORK,ISA,R0,1292,0.0562939707455989,0.0277888403176423,0.1556613590945488,0.2203930443072171,0.2203930443072171,0.1556613590945488,WORK,False,False,HF_TYPE_7
WORK,ISA,R1,1292,0.0562939707455989,0.0277888403176423,0.1556613590945488,0.2203930443072171,0.2203930443072171,0.1556613590945488,WORK,False,False,HF_TYPE_7
WORK,JAS,R0,108,0.0579503025198425,0.030571168328891,0.1781802858365281,0.229866855888857,0.229866855888857,0.1781802858365281,WORK,False,False,HF_TYPE_7
WORK,JAS,R1,108,0.0579503025198425,0.030571168328891,0.1781802858365281,0.229866855888857,0.229866855888857,0.1781802858365281,WORK,False,False,HF_TYPE_7
WORK,JDG,R0,618,0.0578805630959763,0.0271319954813573,0.1517173137608478,0.2109212600391261,0.2109212600391261,0.1517173137608478,WORK,False,False,HF_TYPE_7
WORK,JDG,R1,618,0.0578805630959763,0.0271319954813573,0.1517173137608478,0.2109212600391261,0.2109212600391261,0.1517173137608478,WORK,False,False,HF_TYPE_7
WORK,JER,R0,1364,0.0621951622231654,0.0308748247543564,0.1595710794486916,0.203825573325914,0.203825573325914,0.1595710794486916,WORK,False,False,HF_TYPE_7
WORK,JER,R1,1364,0.0621951622231654,0.0308748247543564,0.1595710794486916,0.203825573325914,0.203825573325914,0.1595710794486916,WORK,False,False,HF_TYPE_7
WORK,JHN,R0,879,0.0679604219769043,0.0353426633556528,0.1962180196842647,0.2799187388240086,0.2799187388240086,0.1962180196842647,WORK,False,False,HF_TYPE_7
WORK,JHN,R1,879,0.0679604219769043,0.0353426633556528,0.1962180196842647,0.2799187388240086,0.2799187388240086,0.1962180196842647,WORK,False,False,HF_TYPE_7
WORK,JOB,R0,1070,0.0515590458616905,0.0319315161274035,0.1879247125578857,0.2593421210617336,0.2593421210617336,0.1879247125578857,WORK,False,False,HF_TYPE_7
WORK,JOB,R1,1070,0.0515590458616905,0.0319315161274035,0.1879247125578857,0.2593421210617336,0.2593421210617336,0.1879247125578857,WORK,False,False,HF_TYPE_7
WORK,JOE,R0,73,0.0581931163020924,0.0298686635944267,0.1475193186155204,0.1953566744675042,0.1953566744675042,0.1475193186155204,WORK,False,False,HF_TYPE_7
WORK,JOE,R1,73,0.0581931163020924,0.0298686635944267,0.1475193186155204,0.1953566744675042,0.1953566744675042,0.1475193186155204,WORK,False,False,HF_TYPE_7
WORK,JON,R0,48,0.1001872033039009,0.0551452026604405,0.2380007750006767,0.2712075489700537,0.2656228112852224,0.23805020995500215,WORK,True,False,HF_TYPE_7
WORK,JON,R1,48,0.1001872033039009,0.0551452026604405,0.2380007750006767,0.2712075489700537,0.2656228112852224,0.23805020995500215,WORK,True,False,HF_TYPE_7
WORK,JOS,R0,658,0.0680885098018254,0.0386196512553253,0.2047369488266913,0.2547743068240014,0.2547743068240014,0.2047369488266913,WORK,False,False,HF_TYPE_7
WORK,JOS,R1,658,0.0680885098018254,0.0386196512553253,0.2047369488266913,0.2547743068240014,0.2547743068240014,0.2047369488266913,WORK,False,False,HF_TYPE_7
WORK,JUD,R0,25,0.0645726437189985,0.0214914020050873,0.1348018158384863,0.1812047156347025,0.1290468497342604,0.11830114873171674,WORK,True,False,HF_TYPE_7
WORK,JUD,R1,25,0.0645726437189985,0.0214914020050873,0.1348018158384863,0.1812047156347025,0.1290468497342604,0.11830114873171674,WORK,True,False,HF_TYPE_7
WORK,LAM,R0,154,0.0549752501082309,0.0352429274294708,0.1679356922785318,0.2938539035754291,0.2938539035754291,0.1679356922785318,WORK,False,False,HF_TYPE_7
WORK,LAM,R1,154,0.0549752501082309,0.0352429274294708,0.1679356922785318,0.2938539035754291,0.2938539035754291,0.1679356922785318,WORK,False,False,HF_TYPE_7
WORK,LEV,R0,859,0.0497181173325699,0.0247014500098197,0.1520578598094974,0.2536937138059426,0.2536937138059426,0.1520578598094974,WORK,False,False,HF_TYPE_7
WORK,LEV,R1,859,0.0497181173325699,0.0247014500098197,0.1520578598094974,0.2536937138059426,0.2536937138059426,0.1520578598094974,WORK,False,False,HF_TYPE_7
WORK,LUK,R0,1151,0.0650095733311313,0.0372919853459725,0.1904093970791806,0.2425750004264786,0.2425750004264786,0.1904093970791806,WORK,False,False,HF_TYPE_7
WORK,LUK,R1,1151,0.0650095733311313,0.0372919853459725,0.1904093970791806,0.2425750004264786,0.2425750004264786,0.1904093970791806,WORK,False,False,HF_TYPE_7
WORK,MAL,R0,55,0.0751609101696333,0.0321192270397397,0.1622817772666177,0.2285586825897554,0.2285586825897554,0.1622817772666177,WORK,False,False,HF_TYPE_7
WORK,MAL,R1,55,0.0751609101696333,0.0321192270397397,0.1622817772666177,0.2285586825897554,0.2285586825897554,0.1622817772666177,WORK,False,False,HF_TYPE_7
WORK,MAT,R0,1071,0.0678067514547089,0.0387703507250569,0.1896752365333116,0.2574919331800241,0.2574919331800241,0.1896752365333116,WORK,False,False,HF_TYPE_7
WORK,MAT,R1,1071,0.0678067514547089,0.0387703507250569,0.1896752365333116,0.2574919331800241,0.2574919331800241,0.1896752365333116,WORK,False,False,HF_TYPE_7
WORK,MIC,R0,105,0.0579905626346621,0.029719920992741,0.1560606344008212,0.1769578990912698,0.1769578990912698,0.1560606344008212,WORK,False,False,HF_TYPE_7
WORK,MIC,R1,105,0.0579905626346621,0.029719920992741,0.1560606344008212,0.1769578990912698,0.1769578990912698,0.1560606344008212,WORK,False,False,HF_TYPE_7
WORK,MRK,R0,678,0.0632746331487514,0.036454940788317,0.180716099125319,0.2485395579355932,0.2485395579355932,0.180716099125319,WORK,False,False,HF_TYPE_7
WORK,MRK,R1,678,0.0632746331487514,0.036454940788317,0.180716099125319,0.2485395579355932,0.2485395579355932,0.180716099125319,WORK,False,False,HF_TYPE_7
WORK,NAH,R0,47,0.0530324878563526,0.0240051757209969,0.1502378091804938,0.1933342428400184,0.12504801501934332,0.11304542715884486,WORK,True,False,HF_TYPE_7
WORK,NAH,R1,47,0.0530324878563526,0.0240051757209969,0.1502378091804938,0.1933342428400184,0.12504801501934332,0.11304542715884486,WORK,True,False,HF_TYPE_7
WORK,NEH,R0,406,0.0649614035604035,0.0324069744996371,0.1712008590080952,0.249097416043593,0.249097416043593,0.1712008590080952,WORK,False,False,HF_TYPE_7
WORK,NEH,R1,406,0.0649614035604035,0.0324069744996371,0.1712008590080952,0.249097416043593,0.249097416043593,0.1712008590080952,WORK,False,False,HF_TYPE_7
WORK,NUM,R0,1288,0.0545877921969412,0.0291542272514704,0.1521304504522337,0.2060272335177108,0.2060272335177108,0.1521304504522337,WORK,False,False,HF_TYPE_7
WORK,NUM,R1,1288,0.0545877921969412,0.0291542272514704,0.1521304504522337,0.2060272335177108,0.2060272335177108,0.1521304504522337,WORK,False,False,HF_TYPE_7
WORK,OBA,R0,21,0.0756143673164416,0.0266255905015332,0.181286665764272,0.1901836706056468,0.1554911388210412,0.1421783435702746,WORK,True,False,HF_TYPE_7
WORK,OBA,R1,21,0.0756143673164416,0.0266255905015332,0.181286665764272,0.1901836706056468,0.1554911388210412,0.1421783435702746,WORK,True,False,HF_TYPE_7
WORK,PHM,R0,25,0.0673767595597548,0.0272423528935993,0.1330689386710326,0.1730982465961674,0.1491038182405527,0.13548264179375305,WORK,True,False,HF_TYPE_7
WORK,PHM,R1,25,0.0673767595597548,0.0272423528935993,0.1330689386710326,0.1730982465961674,0.1491038182405527,0.13548264179375305,WORK,True,False,HF_TYPE_7
WORK,PHP,R0,104,0.0485578602680536,0.0286273979958793,0.171683262334117,0.2439662099883969,0.2439662099883969,0.171683262334117,WORK,False,False,HF_TYPE_7
WORK,PHP,R1,104,0.0485578602680536,0.0286273979958793,0.171683262334117,0.2439662099883969,0.2439662099883969,0.171683262334117,WORK,False,False,HF_TYPE_7
WORK,PRO,R0,915,0.0544721321861531,0.0311255078025634,0.1658406971808283,0.2365615998472131,0.2365615998472131,0.1658406971808283,WORK,False,False,HF_TYPE_7
WORK,PRO,R1,915,0.0544721321861531,0.0311255078025634,0.1658406971808283,0.2365615998472131,0.2365615998472131,0.1658406971808283,WORK,False,False,HF_TYPE_7
WORK,PSA,R0,2461,0.053897785221679,0.0303277986066059,0.1720894079000068,0.2517472342683223,0.2517472342683223,0.1720894079000068,WORK,False,False,HF_TYPE_7
WORK,PSA,R1,2461,0.053897785221679,0.0303277986066059,0.1720894079000068,0.2517472342683223,0.2517472342683223,0.1720894079000068,WORK,False,False,HF_TYPE_7
WORK,REV,R0,404,0.0507889863168326,0.0275193370103802,0.134798252815794,0.1680160935170368,0.1680160935170368,0.134798252815794,WORK,False,False,HF_TYPE_7
WORK,REV,R1,404,0.0507889863168326,0.0275193370103802,0.134798252815794,0.1680160935170368,0.1680160935170368,0.134798252815794,WORK,False,False,HF_TYPE_7
WORK,ROM,R0,433,0.0553154362032041,0.0277623789284805,0.1560124813251275,0.2309266196192162,0.2309266196192162,0.1560124813251275,WORK,False,False,HF_TYPE_7
WORK,ROM,R1,433,0.0553154362032041,0.0277623789284805,0.1560124813251275,0.2309266196192162,0.2309266196192162,0.1560124813251275,WORK,False,False,HF_TYPE_7
WORK,RUT,R0,85,0.051159133430343,0.022926588188594,0.1190568111917592,0.1897595273236972,0.1897595273236972,0.1190568111917592,WORK,False,False,HF_TYPE_7
WORK,RUT,R1,85,0.051159133430343,0.022926588188594,0.1190568111917592,0.1897595273236972,0.1897595273236972,0.1190568111917592,WORK,False,False,HF_TYPE_7
WORK,SNG,R0,117,0.0679337703322164,0.0295905843897414,0.1631926633448978,0.2217445237246225,0.2217445237246225,0.1631926633448978,WORK,False,False,HF_TYPE_7
WORK,SNG,R1,117,0.0679337703322164,0.0295905843897414,0.1631926633448978,0.2217445237246225,0.2217445237246225,0.1631926633448978,WORK,False,False,HF_TYPE_7
WORK,TIT,R0,46,0.052521885669503,0.0242281982492021,0.1497425792419234,0.2131741064930451,0.1252064804171093,0.11309238129250825,WORK,True,False,HF_TYPE_7
WORK,TIT,R1,46,0.052521885669503,0.0242281982492021,0.1497425792419234,0.2131741064930451,0.1252064804171093,0.11309238129250825,WORK,True,False,HF_TYPE_7
WORK,ZEC,R0,211,0.0619536134958609,0.037256247158558,0.1701784058121591,0.1979117914121707,0.1979117914121707,0.1701784058121591,WORK,False,False,HF_TYPE_7
WORK,ZEC,R1,211,0.0619536134958609,0.037256247158558,0.1701784058121591,0.1979117914121707,0.1979117914121707,0.1701784058121591,WORK,False,False,HF_TYPE_7
WORK,ZEP,R0,53,0.0577998638690999,0.0299404164912036,0.1354181251902889,0.1459208628019334,0.1476211133427107,0.1354181251902889,WORK,False,False,HF_TYPE_7
WORK,ZEP,R1,53,0.0577998638690999,0.0299404164912036,0.1354181251902889,0.1459208628019334,0.1476211133427107,0.1354181251902889,WORK,False,False,HF_TYPE_7
